alert_count,alert_rate,dataset,evaluated_count,f1,fn,fnr,fp,fpr,fusion_if_weight,fusion_z_weight,negative_count,positive_count,pr_auc,precision,recall,roc_auc,scope,selection_status,target_early_end_cycle,target_training_quantile,threshold,threshold_source,tn,tp,training_derived_remaining_cycle_horizon
6,0.15384615384615385,FD002,39,,8,1.0,6,0.1935483870967742,0.5,0.5,,,0.16146559316364217,0.0,0.0,0.3064516129032258,VALIDATION_BASELINE_50_50,not_selected,30,0.2,0.9082417582417582,existing_validation_85th_percentile,25,0,138.0
6,0.15384615384615385,FD002,39,0.14285714285714288,7,0.875,5,0.16129032258064516,1.0,0.0,,,0.17455375887361183,0.16666666666666666,0.125,0.3629032258064516,VALIDATION_BEST_FUSION_85TH_PERCENTILE,not_selected,30,0.2,0.939010989010989,best_fusion_validation_85th_percentile,26,1,138.0
39,1.0,FD002,39,0.3404255319148936,0,0.0,31,1.0,1.0,0.0,,,0.17455375887361183,0.20512820512820512,1.0,0.3629032258064516,VALIDATION_THRESHOLD_SWEEP,not_selected,30,0.2,0.04945054945054945,validation_fine_grid+validation_observed_score,0,8,138.0
38,0.9743589743589743,FD002,39,0.34782608695652173,0,0.0,30,0.967741935483871,1.0,0.0,,,0.17455375887361183,0.21052631578947367,1.0,0.3629032258064516,VALIDATION_THRESHOLD_SWEEP,not_selected,30,0.2,0.05414835164835165,validation_fine_grid,1,8,138.0
38,0.9743589743589743,FD002,39,0.34782608695652173,0,0.0,30,0.967741935483871,1.0,0.0,,,0.17455375887361183,0.21052631578947367,1.0,0.3629032258064516,VALIDATION_THRESHOLD_SWEEP,not_selected,30,0.2,0.05884615384615384,validation_fine_grid,1,8,138.0
38,0.9743589743589743,FD002,39,0.34782608695652173,0,0.0,30,0.967741935483871,1.0,0.0,,,0.17455375887361183,0.21052631578947367,1.0,0.3629032258064516,VALIDATION_THRESHOLD_SWEEP,not_selected,30,0.2,0.06354395604395605,validation_fine_grid,1,8,138.0
38,0.9743589743589743,FD002,39,0.34782608695652173,0,0.0,30,0.967741935483871,1.0,0.0,,,0.17455375887361183,0.21052631578947367,1.0,0.3629032258064516,VALIDATION_THRESHOLD_SWEEP,not_selected,30,0.2,0.06593406593406594,validation_observed_score,1,8,138.0
37,0.9487179487179487,FD002,39,0.35555555555555557,0,0.0,29,0.9354838709677419,1.0,0.0,,,0.17455375887361183,0.21621621621621623,1.0,0.3629032258064516,VALIDATION_THRESHOLD_SWEEP,not_selected,30,0.2,0.06824175824175824,validation_fine_grid,2,8,138.0
37,0.9487179487179487,FD002,39,0.35555555555555557,0,0.0,29,0.9354838709677419,1.0,0.0,,,0.17455375887361183,0.21621621621621623,1.0,0.3629032258064516,VALIDATION_THRESHOLD_SWEEP,not_selected,30,0.2,0.07293956043956043,validation_fine_grid,2,8,138.0
37,0.9487179487179487,FD002,39,0.35555555555555557,0,0.0,29,0.9354838709677419,1.0,0.0,,,0.17455375887361183,0.21621621621621623,1.0,0.3629032258064516,VALIDATION_THRESHOLD_SWEEP,not_selected,30,0.2,0.07763736263736264,validation_fine_grid,2,8,138.0
37,0.9487179487179487,FD002,39,0.35555555555555557,0,0.0,29,0.9354838709677419,1.0,0.0,,,0.17455375887361183,0.21621621621621623,1.0,0.3629032258064516,VALIDATION_THRESHOLD_SWEEP,not_selected,30,0.2,0.08233516483516483,validation_fine_grid,2,8,138.0
37,0.9487179487179487,FD002,39,0.35555555555555557,0,0.0,29,0.9354838709677419,1.0,0.0,,,0.17455375887361183,0.21621621621621623,1.0,0.3629032258064516,VALIDATION_THRESHOLD_SWEEP,not_selected,30,0.2,0.08703296703296703,validation_fine_grid,2,8,138.0
37,0.9487179487179487,FD002,39,0.35555555555555557,0,0.0,29,0.9354838709677419,1.0,0.0,,,0.17455375887361183,0.21621621621621623,1.0,0.3629032258064516,VALIDATION_THRESHOLD_SWEEP,not_selected,30,0.2,0.09173076923076923,validation_fine_grid,2,8,138.0
37,0.9487179487179487,FD002,39,0.35555555555555557,0,0.0,29,0.9354838709677419,1.0,0.0,,,0.17455375887361183,0.21621621621621623,1.0,0.3629032258064516,VALIDATION_THRESHOLD_SWEEP,not_selected,30,0.2,0.09642857142857142,validation_fine_grid,2,8,138.0
37,0.9487179487179487,FD002,39,0.35555555555555557,0,0.0,29,0.9354838709677419,1.0,0.0,,,0.17455375887361183,0.21621621621621623,1.0,0.3629032258064516,VALIDATION_THRESHOLD_SWEEP,not_selected,30,0.2,0.10112637362637361,validation_fine_grid,2,8,138.0
37,0.9487179487179487,FD002,39,0.35555555555555557,0,0.0,29,0.9354838709677419,1.0,0.0,,,0.17455375887361183,0.21621621621621623,1.0,0.3629032258064516,VALIDATION_THRESHOLD_SWEEP,not_selected,30,0.2,0.10582417582417582,validation_fine_grid,2,8,138.0
37,0.9487179487179487,FD002,39,0.35555555555555557,0,0.0,29,0.9354838709677419,1.0,0.0,,,0.17455375887361183,0.21621621621621623,1.0,0.3629032258064516,VALIDATION_THRESHOLD_SWEEP,not_selected,30,0.2,0.10989010989010989,validation_observed_score,2,8,138.0
36,0.9230769230769231,FD002,39,0.3181818181818182,1,0.125,29,0.9354838709677419,1.0,0.0,,,0.17455375887361183,0.19444444444444445,0.875,0.3629032258064516,VALIDATION_THRESHOLD_SWEEP,not_selected,30,0.2,0.11052197802197802,validation_fine_grid,2,7,138.0
36,0.9230769230769231,FD002,39,0.3181818181818182,1,0.125,29,0.9354838709677419,1.0,0.0,,,0.17455375887361183,0.19444444444444445,0.875,0.3629032258064516,VALIDATION_THRESHOLD_SWEEP,not_selected,30,0.2,0.11521978021978022,validation_fine_grid,2,7,138.0
36,0.9230769230769231,FD002,39,0.3181818181818182,1,0.125,29,0.9354838709677419,1.0,0.0,,,0.17455375887361183,0.19444444444444445,0.875,0.3629032258064516,VALIDATION_THRESHOLD_SWEEP,not_selected,30,0.2,0.11991758241758241,validation_fine_grid,2,7,138.0
36,0.9230769230769231,FD002,39,0.3181818181818182,1,0.125,29,0.9354838709677419,1.0,0.0,,,0.17455375887361183,0.19444444444444445,0.875,0.3629032258064516,VALIDATION_THRESHOLD_SWEEP,not_selected,30,0.2,0.1246153846153846,validation_fine_grid,2,7,138.0
36,0.9230769230769231,FD002,39,0.3181818181818182,1,0.125,29,0.9354838709677419,1.0,0.0,,,0.17455375887361183,0.19444444444444445,0.875,0.3629032258064516,VALIDATION_THRESHOLD_SWEEP,not_selected,30,0.2,0.1293131868131868,validation_fine_grid,2,7,138.0
36,0.9230769230769231,FD002,39,0.3181818181818182,1,0.125,29,0.9354838709677419,1.0,0.0,,,0.17455375887361183,0.19444444444444445,0.875,0.3629032258064516,VALIDATION_THRESHOLD_SWEEP,not_selected,30,0.2,0.134010989010989,validation_fine_grid,2,7,138.0
36,0.9230769230769231,FD002,39,0.3181818181818182,1,0.125,29,0.9354838709677419,1.0,0.0,,,0.17455375887361183,0.19444444444444445,0.875,0.3629032258064516,VALIDATION_THRESHOLD_SWEEP,not_selected,30,0.2,0.1387087912087912,validation_fine_grid,2,7,138.0
36,0.9230769230769231,FD002,39,0.3181818181818182,1,0.125,29,0.9354838709677419,1.0,0.0,,,0.17455375887361183,0.19444444444444445,0.875,0.3629032258064516,VALIDATION_THRESHOLD_SWEEP,not_selected,30,0.2,0.1434065934065934,validation_fine_grid,2,7,138.0
36,0.9230769230769231,FD002,39,0.3181818181818182,1,0.125,29,0.9354838709677419,1.0,0.0,,,0.17455375887361183,0.19444444444444445,0.875,0.3629032258064516,VALIDATION_THRESHOLD_SWEEP,not_selected,30,0.2,0.1481043956043956,validation_fine_grid,2,7,138.0
36,0.9230769230769231,FD002,39,0.3181818181818182,1,0.125,29,0.9354838709677419,1.0,0.0,,,0.17455375887361183,0.19444444444444445,0.875,0.3629032258064516,VALIDATION_THRESHOLD_SWEEP,not_selected,30,0.2,0.14835164835164835,validation_observed_score,2,7,138.0
35,0.8974358974358975,FD002,39,0.32558139534883723,1,0.125,28,0.9032258064516129,1.0,0.0,,,0.17455375887361183,0.2,0.875,0.3629032258064516,VALIDATION_THRESHOLD_SWEEP,not_selected,30,0.2,0.15280219780219778,validation_fine_grid,3,7,138.0
35,0.8974358974358975,FD002,39,0.32558139534883723,1,0.125,28,0.9032258064516129,1.0,0.0,,,0.17455375887361183,0.2,0.875,0.3629032258064516,VALIDATION_THRESHOLD_SWEEP,not_selected,30,0.2,0.1575,validation_fine_grid,3,7,138.0
35,0.8974358974358975,FD002,39,0.32558139534883723,1,0.125,28,0.9032258064516129,1.0,0.0,,,0.17455375887361183,0.2,0.875,0.3629032258064516,VALIDATION_THRESHOLD_SWEEP,not_selected,30,0.2,0.1621978021978022,validation_fine_grid,3,7,138.0
35,0.8974358974358975,FD002,39,0.32558139534883723,1,0.125,28,0.9032258064516129,1.0,0.0,,,0.17455375887361183,0.2,0.875,0.3629032258064516,VALIDATION_THRESHOLD_SWEEP,not_selected,30,0.2,0.16689560439560439,validation_fine_grid,3,7,138.0
35,0.8974358974358975,FD002,39,0.32558139534883723,1,0.125,28,0.9032258064516129,1.0,0.0,,,0.17455375887361183,0.2,0.875,0.3629032258064516,VALIDATION_THRESHOLD_SWEEP,not_selected,30,0.2,0.17159340659340658,validation_fine_grid,3,7,138.0
35,0.8974358974358975,FD002,39,0.32558139534883723,1,0.125,28,0.9032258064516129,1.0,0.0,,,0.17455375887361183,0.2,0.875,0.3629032258064516,VALIDATION_THRESHOLD_SWEEP,not_selected,30,0.2,0.17629120879120877,validation_fine_grid,3,7,138.0
35,0.8974358974358975,FD002,39,0.32558139534883723,1,0.125,28,0.9032258064516129,1.0,0.0,,,0.17455375887361183,0.2,0.875,0.3629032258064516,VALIDATION_THRESHOLD_SWEEP,not_selected,30,0.2,0.18098901098901096,validation_fine_grid,3,7,138.0
35,0.8974358974358975,FD002,39,0.32558139534883723,1,0.125,28,0.9032258064516129,1.0,0.0,,,0.17455375887361183,0.2,0.875,0.3629032258064516,VALIDATION_THRESHOLD_SWEEP,not_selected,30,0.2,0.18568681318681315,validation_fine_grid,3,7,138.0
35,0.8974358974358975,FD002,39,0.32558139534883723,1,0.125,28,0.9032258064516129,1.0,0.0,,,0.17455375887361183,0.2,0.875,0.3629032258064516,VALIDATION_THRESHOLD_SWEEP,not_selected,30,0.2,0.19038461538461537,validation_fine_grid,3,7,138.0
35,0.8974358974358975,FD002,39,0.32558139534883723,1,0.125,28,0.9032258064516129,1.0,0.0,,,0.17455375887361183,0.2,0.875,0.3629032258064516,VALIDATION_THRESHOLD_SWEEP,not_selected,30,0.2,0.19230769230769232,validation_observed_score,3,7,138.0
34,0.8717948717948718,FD002,39,0.33333333333333337,1,0.125,27,0.8709677419354839,1.0,0.0,,,0.17455375887361183,0.20588235294117646,0.875,0.3629032258064516,VALIDATION_THRESHOLD_SWEEP,not_selected,30,0.2,0.19508241758241757,validation_fine_grid,4,7,138.0
34,0.8717948717948718,FD002,39,0.33333333333333337,1,0.125,27,0.8709677419354839,1.0,0.0,,,0.17455375887361183,0.20588235294117646,0.875,0.3629032258064516,VALIDATION_THRESHOLD_SWEEP,not_selected,30,0.2,0.19978021978021976,validation_fine_grid,4,7,138.0
34,0.8717948717948718,FD002,39,0.33333333333333337,1,0.125,27,0.8709677419354839,1.0,0.0,,,0.17455375887361183,0.20588235294117646,0.875,0.3629032258064516,VALIDATION_THRESHOLD_SWEEP,not_selected,30,0.2,0.20447802197802195,validation_fine_grid,4,7,138.0
34,0.8717948717948718,FD002,39,0.33333333333333337,1,0.125,27,0.8709677419354839,1.0,0.0,,,0.17455375887361183,0.20588235294117646,0.875,0.3629032258064516,VALIDATION_THRESHOLD_SWEEP,not_selected,30,0.2,0.20917582417582414,validation_fine_grid,4,7,138.0
34,0.8717948717948718,FD002,39,0.33333333333333337,1,0.125,27,0.8709677419354839,1.0,0.0,,,0.17455375887361183,0.20588235294117646,0.875,0.3629032258064516,VALIDATION_THRESHOLD_SWEEP,not_selected,30,0.2,0.21387362637362636,validation_fine_grid,4,7,138.0
34,0.8717948717948718,FD002,39,0.33333333333333337,1,0.125,27,0.8709677419354839,1.0,0.0,,,0.17455375887361183,0.20588235294117646,0.875,0.3629032258064516,VALIDATION_THRESHOLD_SWEEP,not_selected,30,0.2,0.21857142857142856,validation_fine_grid,4,7,138.0
34,0.8717948717948718,FD002,39,0.33333333333333337,1,0.125,27,0.8709677419354839,1.0,0.0,,,0.17455375887361183,0.20588235294117646,0.875,0.3629032258064516,VALIDATION_THRESHOLD_SWEEP,not_selected,30,0.2,0.22326923076923075,validation_fine_grid,4,7,138.0
34,0.8717948717948718,FD002,39,0.33333333333333337,1,0.125,27,0.8709677419354839,1.0,0.0,,,0.17455375887361183,0.20588235294117646,0.875,0.3629032258064516,VALIDATION_THRESHOLD_SWEEP,not_selected,30,0.2,0.22796703296703294,validation_fine_grid,4,7,138.0
34,0.8717948717948718,FD002,39,0.33333333333333337,1,0.125,27,0.8709677419354839,1.0,0.0,,,0.17455375887361183,0.20588235294117646,0.875,0.3629032258064516,VALIDATION_THRESHOLD_SWEEP,not_selected,30,0.2,0.23266483516483513,validation_fine_grid,4,7,138.0
34,0.8717948717948718,FD002,39,0.33333333333333337,1,0.125,27,0.8709677419354839,1.0,0.0,,,0.17455375887361183,0.20588235294117646,0.875,0.3629032258064516,VALIDATION_THRESHOLD_SWEEP,not_selected,30,0.2,0.23736263736263735,validation_fine_grid,4,7,138.0
34,0.8717948717948718,FD002,39,0.33333333333333337,1,0.125,27,0.8709677419354839,1.0,0.0,,,0.17455375887361183,0.20588235294117646,0.875,0.3629032258064516,VALIDATION_THRESHOLD_SWEEP,not_selected,30,0.2,0.24175824175824176,validation_observed_score,4,7,138.0
33,0.8461538461538461,FD002,39,0.2926829268292683,2,0.25,27,0.8709677419354839,1.0,0.0,,,0.17455375887361183,0.18181818181818182,0.75,0.3629032258064516,VALIDATION_THRESHOLD_SWEEP,not_selected,30,0.2,0.24206043956043954,validation_fine_grid,4,6,138.0
33,0.8461538461538461,FD002,39,0.2926829268292683,2,0.25,27,0.8709677419354839,1.0,0.0,,,0.17455375887361183,0.18181818181818182,0.75,0.3629032258064516,VALIDATION_THRESHOLD_SWEEP,not_selected,30,0.2,0.24675824175824174,validation_fine_grid,4,6,138.0
33,0.8461538461538461,FD002,39,0.2926829268292683,2,0.25,27,0.8709677419354839,1.0,0.0,,,0.17455375887361183,0.18181818181818182,0.75,0.3629032258064516,VALIDATION_THRESHOLD_SWEEP,not_selected,30,0.2,0.25145604395604393,validation_fine_grid,4,6,138.0
33,0.8461538461538461,FD002,39,0.2926829268292683,2,0.25,27,0.8709677419354839,1.0,0.0,,,0.17455375887361183,0.18181818181818182,0.75,0.3629032258064516,VALIDATION_THRESHOLD_SWEEP,not_selected,30,0.2,0.2561538461538461,validation_fine_grid,4,6,138.0
33,0.8461538461538461,FD002,39,0.2926829268292683,2,0.25,27,0.8709677419354839,1.0,0.0,,,0.17455375887361183,0.18181818181818182,0.75,0.3629032258064516,VALIDATION_THRESHOLD_SWEEP,not_selected,30,0.2,0.2608516483516483,validation_fine_grid,4,6,138.0
33,0.8461538461538461,FD002,39,0.2926829268292683,2,0.25,27,0.8709677419354839,1.0,0.0,,,0.17455375887361183,0.18181818181818182,0.75,0.3629032258064516,VALIDATION_THRESHOLD_SWEEP,not_selected,30,0.2,0.26554945054945056,validation_fine_grid,4,6,138.0
33,0.8461538461538461,FD002,39,0.2926829268292683,2,0.25,27,0.8709677419354839,1.0,0.0,,,0.17455375887361183,0.18181818181818182,0.75,0.3629032258064516,VALIDATION_THRESHOLD_SWEEP,not_selected,30,0.2,0.27024725274725275,validation_fine_grid,4,6,138.0
33,0.8461538461538461,FD002,39,0.2926829268292683,2,0.25,27,0.8709677419354839,1.0,0.0,,,0.17455375887361183,0.18181818181818182,0.75,0.3629032258064516,VALIDATION_THRESHOLD_SWEEP,not_selected,30,0.2,0.27472527472527475,validation_observed_score,4,6,138.0
32,0.8205128205128205,FD002,39,0.3,2,0.25,26,0.8387096774193549,1.0,0.0,,,0.17455375887361183,0.1875,0.75,0.3629032258064516,VALIDATION_THRESHOLD_SWEEP,not_selected,30,0.2,0.27494505494505495,validation_fine_grid,5,6,138.0
32,0.8205128205128205,FD002,39,0.3,2,0.25,26,0.8387096774193549,1.0,0.0,,,0.17455375887361183,0.1875,0.75,0.3629032258064516,VALIDATION_THRESHOLD_SWEEP,not_selected,30,0.2,0.27964285714285714,validation_fine_grid,5,6,138.0
32,0.8205128205128205,FD002,39,0.3,2,0.25,26,0.8387096774193549,1.0,0.0,,,0.17455375887361183,0.1875,0.75,0.3629032258064516,VALIDATION_THRESHOLD_SWEEP,not_selected,30,0.2,0.28434065934065933,validation_fine_grid,5,6,138.0
32,0.8205128205128205,FD002,39,0.3,2,0.25,26,0.8387096774193549,1.0,0.0,,,0.17455375887361183,0.1875,0.75,0.3629032258064516,VALIDATION_THRESHOLD_SWEEP,not_selected,30,0.2,0.2890384615384615,validation_fine_grid,5,6,138.0
32,0.8205128205128205,FD002,39,0.3,2,0.25,26,0.8387096774193549,1.0,0.0,,,0.17455375887361183,0.1875,0.75,0.3629032258064516,VALIDATION_THRESHOLD_SWEEP,not_selected,30,0.2,0.2937362637362637,validation_fine_grid,5,6,138.0
32,0.8205128205128205,FD002,39,0.3,2,0.25,26,0.8387096774193549,1.0,0.0,,,0.17455375887361183,0.1875,0.75,0.3629032258064516,VALIDATION_THRESHOLD_SWEEP,not_selected,30,0.2,0.2967032967032967,validation_observed_score,5,6,138.0
31,0.7948717948717948,FD002,39,0.2564102564102564,3,0.375,26,0.8387096774193549,1.0,0.0,,,0.17455375887361183,0.16129032258064516,0.625,0.3629032258064516,VALIDATION_THRESHOLD_SWEEP,not_selected,30,0.2,0.2984340659340659,validation_fine_grid,5,5,138.0
31,0.7948717948717948,FD002,39,0.2564102564102564,3,0.375,26,0.8387096774193549,1.0,0.0,,,0.17455375887361183,0.16129032258064516,0.625,0.3629032258064516,VALIDATION_THRESHOLD_SWEEP,not_selected,30,0.2,0.3031318681318681,validation_fine_grid,5,5,138.0
31,0.7948717948717948,FD002,39,0.2564102564102564,3,0.375,26,0.8387096774193549,1.0,0.0,,,0.17455375887361183,0.16129032258064516,0.625,0.3629032258064516,VALIDATION_THRESHOLD_SWEEP,not_selected,30,0.2,0.3078296703296703,validation_fine_grid,5,5,138.0
31,0.7948717948717948,FD002,39,0.2564102564102564,3,0.375,26,0.8387096774193549,1.0,0.0,,,0.17455375887361183,0.16129032258064516,0.625,0.3629032258064516,VALIDATION_THRESHOLD_SWEEP,not_selected,30,0.2,0.3125274725274725,validation_fine_grid,5,5,138.0
31,0.7948717948717948,FD002,39,0.2564102564102564,3,0.375,26,0.8387096774193549,1.0,0.0,,,0.17455375887361183,0.16129032258064516,0.625,0.3629032258064516,VALIDATION_THRESHOLD_SWEEP,not_selected,30,0.2,0.3172252747252747,validation_fine_grid,5,5,138.0
31,0.7948717948717948,FD002,39,0.2564102564102564,3,0.375,26,0.8387096774193549,1.0,0.0,,,0.17455375887361183,0.16129032258064516,0.625,0.3629032258064516,VALIDATION_THRESHOLD_SWEEP,not_selected,30,0.2,0.31868131868131866,validation_observed_score,5,5,138.0
30,0.7692307692307693,FD002,39,0.2631578947368421,3,0.375,25,0.8064516129032258,1.0,0.0,,,0.17455375887361183,0.16666666666666666,0.625,0.3629032258064516,VALIDATION_THRESHOLD_SWEEP,not_selected,30,0.2,0.32192307692307687,validation_fine_grid,6,5,138.0
30,0.7692307692307693,FD002,39,0.2631578947368421,3,0.375,25,0.8064516129032258,1.0,0.0,,,0.17455375887361183,0.16666666666666666,0.625,0.3629032258064516,VALIDATION_THRESHOLD_SWEEP,not_selected,30,0.2,0.3266208791208791,validation_fine_grid,6,5,138.0
30,0.7692307692307693,FD002,39,0.2631578947368421,3,0.375,25,0.8064516129032258,1.0,0.0,,,0.17455375887361183,0.16666666666666666,0.625,0.3629032258064516,VALIDATION_THRESHOLD_SWEEP,not_selected,30,0.2,0.3313186813186813,validation_fine_grid,6,5,138.0
30,0.7692307692307693,FD002,39,0.2631578947368421,3,0.375,25,0.8064516129032258,1.0,0.0,,,0.17455375887361183,0.16666666666666666,0.625,0.3629032258064516,VALIDATION_THRESHOLD_SWEEP,not_selected,30,0.2,0.3360164835164835,validation_fine_grid,6,5,138.0
30,0.7692307692307693,FD002,39,0.2631578947368421,3,0.375,25,0.8064516129032258,1.0,0.0,,,0.17455375887361183,0.16666666666666666,0.625,0.3629032258064516,VALIDATION_THRESHOLD_SWEEP,not_selected,30,0.2,0.3407142857142857,validation_fine_grid,6,5,138.0
30,0.7692307692307693,FD002,39,0.2631578947368421,3,0.375,25,0.8064516129032258,1.0,0.0,,,0.17455375887361183,0.16666666666666666,0.625,0.3629032258064516,VALIDATION_THRESHOLD_SWEEP,not_selected,30,0.2,0.3454120879120879,validation_fine_grid,6,5,138.0
30,0.7692307692307693,FD002,39,0.2631578947368421,3,0.375,25,0.8064516129032258,1.0,0.0,,,0.17455375887361183,0.16666666666666666,0.625,0.3629032258064516,VALIDATION_THRESHOLD_SWEEP,not_selected,30,0.2,0.3501098901098901,validation_fine_grid,6,5,138.0
30,0.7692307692307693,FD002,39,0.2631578947368421,3,0.375,25,0.8064516129032258,1.0,0.0,,,0.17455375887361183,0.16666666666666666,0.625,0.3629032258064516,VALIDATION_THRESHOLD_SWEEP,not_selected,30,0.2,0.35480769230769227,validation_fine_grid,6,5,138.0
30,0.7692307692307693,FD002,39,0.2631578947368421,3,0.375,25,0.8064516129032258,1.0,0.0,,,0.17455375887361183,0.16666666666666666,0.625,0.3629032258064516,VALIDATION_THRESHOLD_SWEEP,not_selected,30,0.2,0.35950549450549446,validation_fine_grid,6,5,138.0
30,0.7692307692307693,FD002,39,0.2631578947368421,3,0.375,25,0.8064516129032258,1.0,0.0,,,0.17455375887361183,0.16666666666666666,0.625,0.3629032258064516,VALIDATION_THRESHOLD_SWEEP,not_selected,30,0.2,0.36420329670329665,validation_fine_grid,6,5,138.0
30,0.7692307692307693,FD002,39,0.2631578947368421,3,0.375,25,0.8064516129032258,1.0,0.0,,,0.17455375887361183,0.16666666666666666,0.625,0.3629032258064516,VALIDATION_THRESHOLD_SWEEP,not_selected,30,0.2,0.36890109890109885,validation_fine_grid,6,5,138.0
30,0.7692307692307693,FD002,39,0.2631578947368421,3,0.375,25,0.8064516129032258,1.0,0.0,,,0.17455375887361183,0.16666666666666666,0.625,0.3629032258064516,VALIDATION_THRESHOLD_SWEEP,not_selected,30,0.2,0.37359890109890104,validation_fine_grid,6,5,138.0
30,0.7692307692307693,FD002,39,0.2631578947368421,3,0.375,25,0.8064516129032258,1.0,0.0,,,0.17455375887361183,0.16666666666666666,0.625,0.3629032258064516,VALIDATION_THRESHOLD_SWEEP,not_selected,30,0.2,0.3782967032967033,validation_fine_grid,6,5,138.0
30,0.7692307692307693,FD002,39,0.2631578947368421,3,0.375,25,0.8064516129032258,1.0,0.0,,,0.17455375887361183,0.16666666666666666,0.625,0.3629032258064516,VALIDATION_THRESHOLD_SWEEP,not_selected,30,0.2,0.3829945054945055,validation_fine_grid,6,5,138.0
30,0.7692307692307693,FD002,39,0.2631578947368421,3,0.375,25,0.8064516129032258,1.0,0.0,,,0.17455375887361183,0.16666666666666666,0.625,0.3629032258064516,VALIDATION_THRESHOLD_SWEEP,not_selected,30,0.2,0.38769230769230767,validation_fine_grid,6,5,138.0
30,0.7692307692307693,FD002,39,0.2631578947368421,3,0.375,25,0.8064516129032258,1.0,0.0,,,0.17455375887361183,0.16666666666666666,0.625,0.3629032258064516,VALIDATION_THRESHOLD_SWEEP,not_selected,30,0.2,0.39239010989010986,validation_fine_grid,6,5,138.0
30,0.7692307692307693,FD002,39,0.2631578947368421,3,0.375,25,0.8064516129032258,1.0,0.0,,,0.17455375887361183,0.16666666666666666,0.625,0.3629032258064516,VALIDATION_THRESHOLD_SWEEP,not_selected,30,0.2,0.39708791208791205,validation_fine_grid,6,5,138.0
30,0.7692307692307693,FD002,39,0.2631578947368421,3,0.375,25,0.8064516129032258,1.0,0.0,,,0.17455375887361183,0.16666666666666666,0.625,0.3629032258064516,VALIDATION_THRESHOLD_SWEEP,not_selected,30,0.2,0.40178571428571425,validation_fine_grid,6,5,138.0
30,0.7692307692307693,FD002,39,0.2631578947368421,3,0.375,25,0.8064516129032258,1.0,0.0,,,0.17455375887361183,0.16666666666666666,0.625,0.3629032258064516,VALIDATION_THRESHOLD_SWEEP,not_selected,30,0.2,0.40648351648351644,validation_fine_grid,6,5,138.0
30,0.7692307692307693,FD002,39,0.2631578947368421,3,0.375,25,0.8064516129032258,1.0,0.0,,,0.17455375887361183,0.16666666666666666,0.625,0.3629032258064516,VALIDATION_THRESHOLD_SWEEP,not_selected,30,0.2,0.41118131868131863,validation_fine_grid,6,5,138.0
30,0.7692307692307693,FD002,39,0.2631578947368421,3,0.375,25,0.8064516129032258,1.0,0.0,,,0.17455375887361183,0.16666666666666666,0.625,0.3629032258064516,VALIDATION_THRESHOLD_SWEEP,not_selected,30,0.2,0.4158791208791208,validation_fine_grid,6,5,138.0
30,0.7692307692307693,FD002,39,0.2631578947368421,3,0.375,25,0.8064516129032258,1.0,0.0,,,0.17455375887361183,0.16666666666666666,0.625,0.3629032258064516,VALIDATION_THRESHOLD_SWEEP,not_selected,30,0.2,0.420576923076923,validation_fine_grid,6,5,138.0
30,0.7692307692307693,FD002,39,0.2631578947368421,3,0.375,25,0.8064516129032258,1.0,0.0,,,0.17455375887361183,0.16666666666666666,0.625,0.3629032258064516,VALIDATION_THRESHOLD_SWEEP,not_selected,30,0.2,0.42527472527472526,validation_fine_grid,6,5,138.0
30,0.7692307692307693,FD002,39,0.2631578947368421,3,0.375,25,0.8064516129032258,1.0,0.0,,,0.17455375887361183,0.16666666666666666,0.625,0.3629032258064516,VALIDATION_THRESHOLD_SWEEP,not_selected,30,0.2,0.42997252747252745,validation_fine_grid,6,5,138.0
30,0.7692307692307693,FD002,39,0.2631578947368421,3,0.375,25,0.8064516129032258,1.0,0.0,,,0.17455375887361183,0.16666666666666666,0.625,0.3629032258064516,VALIDATION_THRESHOLD_SWEEP,not_selected,30,0.2,0.43467032967032965,validation_fine_grid,6,5,138.0
30,0.7692307692307693,FD002,39,0.2631578947368421,3,0.375,25,0.8064516129032258,1.0,0.0,,,0.17455375887361183,0.16666666666666666,0.625,0.3629032258064516,VALIDATION_THRESHOLD_SWEEP,not_selected,30,0.2,0.43936813186813184,validation_fine_grid,6,5,138.0
30,0.7692307692307693,FD002,39,0.2631578947368421,3,0.375,25,0.8064516129032258,1.0,0.0,,,0.17455375887361183,0.16666666666666666,0.625,0.3629032258064516,VALIDATION_THRESHOLD_SWEEP,not_selected,30,0.2,0.44406593406593403,validation_fine_grid,6,5,138.0
30,0.7692307692307693,FD002,39,0.2631578947368421,3,0.375,25,0.8064516129032258,1.0,0.0,,,0.17455375887361183,0.16666666666666666,0.625,0.3629032258064516,VALIDATION_THRESHOLD_SWEEP,not_selected,30,0.2,0.4487637362637362,validation_fine_grid,6,5,138.0
30,0.7692307692307693,FD002,39,0.2631578947368421,3,0.375,25,0.8064516129032258,1.0,0.0,,,0.17455375887361183,0.16666666666666666,0.625,0.3629032258064516,VALIDATION_THRESHOLD_SWEEP,not_selected,30,0.2,0.4534615384615384,validation_fine_grid,6,5,138.0
30,0.7692307692307693,FD002,39,0.2631578947368421,3,0.375,25,0.8064516129032258,1.0,0.0,,,0.17455375887361183,0.16666666666666666,0.625,0.3629032258064516,VALIDATION_THRESHOLD_SWEEP,not_selected,30,0.2,0.45604395604395603,validation_observed_score,6,5,138.0
28,0.717948717948718,FD002,39,0.2777777777777778,3,0.375,23,0.7419354838709677,1.0,0.0,,,0.17455375887361183,0.17857142857142858,0.625,0.3629032258064516,VALIDATION_THRESHOLD_SWEEP,not_selected,30,0.2,0.4581593406593406,validation_fine_grid,8,5,138.0
28,0.717948717948718,FD002,39,0.2777777777777778,3,0.375,23,0.7419354838709677,1.0,0.0,,,0.17455375887361183,0.17857142857142858,0.625,0.3629032258064516,VALIDATION_THRESHOLD_SWEEP,not_selected,30,0.2,0.4628571428571428,validation_fine_grid,8,5,138.0
28,0.717948717948718,FD002,39,0.2777777777777778,3,0.375,23,0.7419354838709677,1.0,0.0,,,0.17455375887361183,0.17857142857142858,0.625,0.3629032258064516,VALIDATION_THRESHOLD_SWEEP,not_selected,30,0.2,0.467554945054945,validation_fine_grid,8,5,138.0
28,0.717948717948718,FD002,39,0.2777777777777778,3,0.375,23,0.7419354838709677,1.0,0.0,,,0.17455375887361183,0.17857142857142858,0.625,0.3629032258064516,VALIDATION_THRESHOLD_SWEEP,not_selected,30,0.2,0.4722527472527472,validation_fine_grid,8,5,138.0
28,0.717948717948718,FD002,39,0.2777777777777778,3,0.375,23,0.7419354838709677,1.0,0.0,,,0.17455375887361183,0.17857142857142858,0.625,0.3629032258064516,VALIDATION_THRESHOLD_SWEEP,not_selected,30,0.2,0.47695054945054943,validation_fine_grid,8,5,138.0
28,0.717948717948718,FD002,39,0.2777777777777778,3,0.375,23,0.7419354838709677,1.0,0.0,,,0.17455375887361183,0.17857142857142858,0.625,0.3629032258064516,VALIDATION_THRESHOLD_SWEEP,not_selected,30,0.2,0.4816483516483516,validation_fine_grid,8,5,138.0
28,0.717948717948718,FD002,39,0.2777777777777778,3,0.375,23,0.7419354838709677,1.0,0.0,,,0.17455375887361183,0.17857142857142858,0.625,0.3629032258064516,VALIDATION_THRESHOLD_SWEEP,not_selected,30,0.2,0.4863461538461538,validation_fine_grid,8,5,138.0
28,0.717948717948718,FD002,39,0.2777777777777778,3,0.375,23,0.7419354838709677,1.0,0.0,,,0.17455375887361183,0.17857142857142858,0.625,0.3629032258064516,VALIDATION_THRESHOLD_SWEEP,not_selected,30,0.2,0.491043956043956,validation_fine_grid,8,5,138.0
28,0.717948717948718,FD002,39,0.2777777777777778,3,0.375,23,0.7419354838709677,1.0,0.0,,,0.17455375887361183,0.17857142857142858,0.625,0.3629032258064516,VALIDATION_THRESHOLD_SWEEP,not_selected,30,0.2,0.4957417582417582,validation_fine_grid,8,5,138.0
28,0.717948717948718,FD002,39,0.2777777777777778,3,0.375,23,0.7419354838709677,1.0,0.0,,,0.17455375887361183,0.17857142857142858,0.625,0.3629032258064516,VALIDATION_THRESHOLD_SWEEP,not_selected,30,0.2,0.5004395604395604,validation_fine_grid,8,5,138.0
28,0.717948717948718,FD002,39,0.2777777777777778,3,0.375,23,0.7419354838709677,1.0,0.0,,,0.17455375887361183,0.17857142857142858,0.625,0.3629032258064516,VALIDATION_THRESHOLD_SWEEP,not_selected,30,0.2,0.5051373626373626,validation_fine_grid,8,5,138.0
28,0.717948717948718,FD002,39,0.2777777777777778,3,0.375,23,0.7419354838709677,1.0,0.0,,,0.17455375887361183,0.17857142857142858,0.625,0.3629032258064516,VALIDATION_THRESHOLD_SWEEP,not_selected,30,0.2,0.5098351648351648,validation_fine_grid,8,5,138.0
28,0.717948717948718,FD002,39,0.2777777777777778,3,0.375,23,0.7419354838709677,1.0,0.0,,,0.17455375887361183,0.17857142857142858,0.625,0.3629032258064516,VALIDATION_THRESHOLD_SWEEP,not_selected,30,0.2,0.514532967032967,validation_fine_grid,8,5,138.0
28,0.717948717948718,FD002,39,0.2777777777777778,3,0.375,23,0.7419354838709677,1.0,0.0,,,0.17455375887361183,0.17857142857142858,0.625,0.3629032258064516,VALIDATION_THRESHOLD_SWEEP,not_selected,30,0.2,0.5192307692307692,validation_fine_grid,8,5,138.0
28,0.717948717948718,FD002,39,0.2777777777777778,3,0.375,23,0.7419354838709677,1.0,0.0,,,0.17455375887361183,0.17857142857142858,0.625,0.3629032258064516,VALIDATION_THRESHOLD_SWEEP,not_selected,30,0.2,0.5239285714285714,validation_fine_grid,8,5,138.0
28,0.717948717948718,FD002,39,0.2777777777777778,3,0.375,23,0.7419354838709677,1.0,0.0,,,0.17455375887361183,0.17857142857142858,0.625,0.3629032258064516,VALIDATION_THRESHOLD_SWEEP,not_selected,30,0.2,0.5286263736263737,validation_fine_grid,8,5,138.0
28,0.717948717948718,FD002,39,0.2777777777777778,3,0.375,23,0.7419354838709677,1.0,0.0,,,0.17455375887361183,0.17857142857142858,0.625,0.3629032258064516,VALIDATION_THRESHOLD_SWEEP,not_selected,30,0.2,0.5333241758241758,validation_fine_grid,8,5,138.0
28,0.717948717948718,FD002,39,0.2777777777777778,3,0.375,23,0.7419354838709677,1.0,0.0,,,0.17455375887361183,0.17857142857142858,0.625,0.3629032258064516,VALIDATION_THRESHOLD_SWEEP,not_selected,30,0.2,0.538021978021978,validation_fine_grid,8,5,138.0
28,0.717948717948718,FD002,39,0.2777777777777778,3,0.375,23,0.7419354838709677,1.0,0.0,,,0.17455375887361183,0.17857142857142858,0.625,0.3629032258064516,VALIDATION_THRESHOLD_SWEEP,not_selected,30,0.2,0.5427197802197802,validation_fine_grid,8,5,138.0
28,0.717948717948718,FD002,39,0.2777777777777778,3,0.375,23,0.7419354838709677,1.0,0.0,,,0.17455375887361183,0.17857142857142858,0.625,0.3629032258064516,VALIDATION_THRESHOLD_SWEEP,not_selected,30,0.2,0.5439560439560439,validation_observed_score,8,5,138.0
27,0.6923076923076923,FD002,39,0.2857142857142857,3,0.375,22,0.7096774193548387,1.0,0.0,,,0.17455375887361183,0.18518518518518517,0.625,0.3629032258064516,VALIDATION_THRESHOLD_SWEEP,not_selected,30,0.2,0.5461538461538462,validation_alert_rate_70pct,9,5,138.0
27,0.6923076923076923,FD002,39,0.2857142857142857,3,0.375,22,0.7096774193548387,1.0,0.0,,,0.17455375887361183,0.18518518518518517,0.625,0.3629032258064516,VALIDATION_THRESHOLD_SWEEP,not_selected,30,0.2,0.5474175824175824,validation_fine_grid,9,5,138.0
27,0.6923076923076923,FD002,39,0.2857142857142857,3,0.375,22,0.7096774193548387,1.0,0.0,,,0.17455375887361183,0.18518518518518517,0.625,0.3629032258064516,VALIDATION_THRESHOLD_SWEEP,not_selected,30,0.2,0.5494505494505495,validation_observed_score,9,5,138.0
26,0.6666666666666666,FD002,39,0.29411764705882354,3,0.375,21,0.6774193548387096,1.0,0.0,,,0.17455375887361183,0.19230769230769232,0.625,0.3629032258064516,VALIDATION_THRESHOLD_SWEEP,not_selected,30,0.2,0.5521153846153847,validation_fine_grid,10,5,138.0
26,0.6666666666666666,FD002,39,0.29411764705882354,3,0.375,21,0.6774193548387096,1.0,0.0,,,0.17455375887361183,0.19230769230769232,0.625,0.3629032258064516,VALIDATION_THRESHOLD_SWEEP,not_selected,30,0.2,0.554945054945055,validation_observed_score,10,5,138.0
25,0.6410256410256411,FD002,39,0.24242424242424243,4,0.5,21,0.6774193548387096,1.0,0.0,,,0.17455375887361183,0.16,0.5,0.3629032258064516,VALIDATION_THRESHOLD_SWEEP,not_selected,30,0.2,0.5565934065934066,validation_alert_rate_65pct,10,4,138.0
25,0.6410256410256411,FD002,39,0.24242424242424243,4,0.5,21,0.6774193548387096,1.0,0.0,,,0.17455375887361183,0.16,0.5,0.3629032258064516,VALIDATION_THRESHOLD_SWEEP,not_selected,30,0.2,0.5568131868131868,validation_fine_grid,10,4,138.0
25,0.6410256410256411,FD002,39,0.24242424242424243,4,0.5,21,0.6774193548387096,1.0,0.0,,,0.17455375887361183,0.16,0.5,0.3629032258064516,VALIDATION_THRESHOLD_SWEEP,not_selected,30,0.2,0.5604395604395604,validation_observed_score,10,4,138.0
23,0.5897435897435898,FD002,39,0.19354838709677416,5,0.625,20,0.6451612903225806,1.0,0.0,,,0.17455375887361183,0.13043478260869565,0.375,0.3629032258064516,VALIDATION_THRESHOLD_SWEEP,not_selected,30,0.2,0.5615109890109891,validation_fine_grid,11,3,138.0
23,0.5897435897435898,FD002,39,0.19354838709677416,5,0.625,20,0.6451612903225806,1.0,0.0,,,0.17455375887361183,0.13043478260869565,0.375,0.3629032258064516,VALIDATION_THRESHOLD_SWEEP,not_selected,30,0.2,0.5662087912087912,validation_fine_grid,11,3,138.0
23,0.5897435897435898,FD002,39,0.19354838709677416,5,0.625,20,0.6451612903225806,1.0,0.0,,,0.17455375887361183,0.13043478260869565,0.375,0.3629032258064516,VALIDATION_THRESHOLD_SWEEP,not_selected,30,0.2,0.5709065934065934,validation_fine_grid,11,3,138.0
23,0.5897435897435898,FD002,39,0.19354838709677416,5,0.625,20,0.6451612903225806,1.0,0.0,,,0.17455375887361183,0.13043478260869565,0.375,0.3629032258064516,VALIDATION_THRESHOLD_SWEEP,not_selected,30,0.2,0.5756043956043956,validation_fine_grid,11,3,138.0
23,0.5897435897435898,FD002,39,0.19354838709677416,5,0.625,20,0.6451612903225806,1.0,0.0,,,0.17455375887361183,0.13043478260869565,0.375,0.3629032258064516,VALIDATION_THRESHOLD_SWEEP,not_selected,30,0.2,0.5803021978021978,validation_fine_grid,11,3,138.0
23,0.5897435897435898,FD002,39,0.19354838709677416,5,0.625,20,0.6451612903225806,1.0,0.0,,,0.17455375887361183,0.13043478260869565,0.375,0.3629032258064516,VALIDATION_THRESHOLD_SWEEP,not_selected,30,0.2,0.585,validation_fine_grid,11,3,138.0
23,0.5897435897435898,FD002,39,0.19354838709677416,5,0.625,20,0.6451612903225806,1.0,0.0,,,0.17455375887361183,0.13043478260869565,0.375,0.3629032258064516,VALIDATION_THRESHOLD_SWEEP,not_selected,30,0.2,0.5857142857142859,validation_alert_rate_60pct,11,3,138.0
23,0.5897435897435898,FD002,39,0.19354838709677416,5,0.625,20,0.6451612903225806,1.0,0.0,,,0.17455375887361183,0.13043478260869565,0.375,0.3629032258064516,VALIDATION_THRESHOLD_SWEEP,not_selected,30,0.2,0.5896978021978022,validation_fine_grid,11,3,138.0
23,0.5897435897435898,FD002,39,0.19354838709677416,5,0.625,20,0.6451612903225806,1.0,0.0,,,0.17455375887361183,0.13043478260869565,0.375,0.3629032258064516,VALIDATION_THRESHOLD_SWEEP,not_selected,30,0.2,0.5943956043956043,validation_fine_grid,11,3,138.0
23,0.5897435897435898,FD002,39,0.19354838709677416,5,0.625,20,0.6451612903225806,1.0,0.0,,,0.17455375887361183,0.13043478260869565,0.375,0.3629032258064516,VALIDATION_THRESHOLD_SWEEP,not_selected,30,0.2,0.5990934065934066,validation_fine_grid,11,3,138.0
23,0.5897435897435898,FD002,39,0.19354838709677416,5,0.625,20,0.6451612903225806,1.0,0.0,,,0.17455375887361183,0.13043478260869565,0.375,0.3629032258064516,VALIDATION_THRESHOLD_SWEEP,not_selected,30,0.2,0.6037912087912088,validation_fine_grid,11,3,138.0
23,0.5897435897435898,FD002,39,0.19354838709677416,5,0.625,20,0.6451612903225806,1.0,0.0,,,0.17455375887361183,0.13043478260869565,0.375,0.3629032258064516,VALIDATION_THRESHOLD_SWEEP,not_selected,30,0.2,0.608489010989011,validation_fine_grid,11,3,138.0
23,0.5897435897435898,FD002,39,0.19354838709677416,5,0.625,20,0.6451612903225806,1.0,0.0,,,0.17455375887361183,0.13043478260869565,0.375,0.3629032258064516,VALIDATION_THRESHOLD_SWEEP,not_selected,30,0.2,0.6131868131868132,validation_fine_grid,11,3,138.0
23,0.5897435897435898,FD002,39,0.19354838709677416,5,0.625,20,0.6451612903225806,1.0,0.0,,,0.17455375887361183,0.13043478260869565,0.375,0.3629032258064516,VALIDATION_THRESHOLD_SWEEP,not_selected,30,0.2,0.6178846153846154,validation_fine_grid,11,3,138.0
23,0.5897435897435898,FD002,39,0.19354838709677416,5,0.625,20,0.6451612903225806,1.0,0.0,,,0.17455375887361183,0.13043478260869565,0.375,0.3629032258064516,VALIDATION_THRESHOLD_SWEEP,not_selected,30,0.2,0.6225824175824176,validation_fine_grid,11,3,138.0
23,0.5897435897435898,FD002,39,0.19354838709677416,5,0.625,20,0.6451612903225806,1.0,0.0,,,0.17455375887361183,0.13043478260869565,0.375,0.3629032258064516,VALIDATION_THRESHOLD_SWEEP,not_selected,30,0.2,0.6272802197802197,validation_fine_grid,11,3,138.0
23,0.5897435897435898,FD002,39,0.19354838709677416,5,0.625,20,0.6451612903225806,1.0,0.0,,,0.17455375887361183,0.13043478260869565,0.375,0.3629032258064516,VALIDATION_THRESHOLD_SWEEP,not_selected,30,0.2,0.631978021978022,validation_fine_grid,11,3,138.0
23,0.5897435897435898,FD002,39,0.19354838709677416,5,0.625,20,0.6451612903225806,1.0,0.0,,,0.17455375887361183,0.13043478260869565,0.375,0.3629032258064516,VALIDATION_THRESHOLD_SWEEP,not_selected,30,0.2,0.6366758241758241,validation_fine_grid,11,3,138.0
23,0.5897435897435898,FD002,39,0.19354838709677416,5,0.625,20,0.6451612903225806,1.0,0.0,,,0.17455375887361183,0.13043478260869565,0.375,0.3629032258064516,VALIDATION_THRESHOLD_SWEEP,not_selected,30,0.2,0.6413736263736264,validation_fine_grid,11,3,138.0
23,0.5897435897435898,FD002,39,0.19354838709677416,5,0.625,20,0.6451612903225806,1.0,0.0,,,0.17455375887361183,0.13043478260869565,0.375,0.3629032258064516,VALIDATION_THRESHOLD_SWEEP,not_selected,30,0.2,0.6460714285714285,validation_fine_grid,11,3,138.0
23,0.5897435897435898,FD002,39,0.19354838709677416,5,0.625,20,0.6451612903225806,1.0,0.0,,,0.17455375887361183,0.13043478260869565,0.375,0.3629032258064516,VALIDATION_THRESHOLD_SWEEP,not_selected,30,0.2,0.6507692307692308,validation_fine_grid,11,3,138.0
23,0.5897435897435898,FD002,39,0.19354838709677416,5,0.625,20,0.6451612903225806,1.0,0.0,,,0.17455375887361183,0.13043478260869565,0.375,0.3629032258064516,VALIDATION_THRESHOLD_SWEEP,not_selected,30,0.2,0.655467032967033,validation_fine_grid,11,3,138.0
23,0.5897435897435898,FD002,39,0.19354838709677416,5,0.625,20,0.6451612903225806,1.0,0.0,,,0.17455375887361183,0.13043478260869565,0.375,0.3629032258064516,VALIDATION_THRESHOLD_SWEEP,not_selected,30,0.2,0.6601648351648352,validation_fine_grid,11,3,138.0
23,0.5897435897435898,FD002,39,0.19354838709677416,5,0.625,20,0.6451612903225806,1.0,0.0,,,0.17455375887361183,0.13043478260869565,0.375,0.3629032258064516,VALIDATION_THRESHOLD_SWEEP,not_selected,30,0.2,0.6648626373626374,validation_fine_grid,11,3,138.0
23,0.5897435897435898,FD002,39,0.19354838709677416,5,0.625,20,0.6451612903225806,1.0,0.0,,,0.17455375887361183,0.13043478260869565,0.375,0.3629032258064516,VALIDATION_THRESHOLD_SWEEP,not_selected,30,0.2,0.6695604395604395,validation_fine_grid,11,3,138.0
23,0.5897435897435898,FD002,39,0.19354838709677416,5,0.625,20,0.6451612903225806,1.0,0.0,,,0.17455375887361183,0.13043478260869565,0.375,0.3629032258064516,VALIDATION_THRESHOLD_SWEEP,not_selected,30,0.2,0.6742582417582418,validation_fine_grid,11,3,138.0
23,0.5897435897435898,FD002,39,0.19354838709677416,5,0.625,20,0.6451612903225806,1.0,0.0,,,0.17455375887361183,0.13043478260869565,0.375,0.3629032258064516,VALIDATION_THRESHOLD_SWEEP,not_selected,30,0.2,0.6789560439560439,validation_fine_grid,11,3,138.0
23,0.5897435897435898,FD002,39,0.19354838709677416,5,0.625,20,0.6451612903225806,1.0,0.0,,,0.17455375887361183,0.13043478260869565,0.375,0.3629032258064516,VALIDATION_THRESHOLD_SWEEP,not_selected,30,0.2,0.6836538461538462,validation_fine_grid,11,3,138.0
23,0.5897435897435898,FD002,39,0.19354838709677416,5,0.625,20,0.6451612903225806,1.0,0.0,,,0.17455375887361183,0.13043478260869565,0.375,0.3629032258064516,VALIDATION_THRESHOLD_SWEEP,not_selected,30,0.2,0.6868131868131868,validation_observed_score,11,3,138.0
22,0.5641025641025641,FD002,39,0.19999999999999998,5,0.625,19,0.6129032258064516,1.0,0.0,,,0.17455375887361183,0.13636363636363635,0.375,0.3629032258064516,VALIDATION_THRESHOLD_SWEEP,not_selected,30,0.2,0.6883516483516483,validation_fine_grid,12,3,138.0
22,0.5641025641025641,FD002,39,0.19999999999999998,5,0.625,19,0.6129032258064516,1.0,0.0,,,0.17455375887361183,0.13636363636363635,0.375,0.3629032258064516,VALIDATION_THRESHOLD_SWEEP,not_selected,30,0.2,0.6930494505494506,validation_fine_grid,12,3,138.0
22,0.5641025641025641,FD002,39,0.19999999999999998,5,0.625,19,0.6129032258064516,1.0,0.0,,,0.17455375887361183,0.13636363636363635,0.375,0.3629032258064516,VALIDATION_THRESHOLD_SWEEP,not_selected,30,0.2,0.6977472527472527,validation_fine_grid,12,3,138.0
22,0.5641025641025641,FD002,39,0.19999999999999998,5,0.625,19,0.6129032258064516,1.0,0.0,,,0.17455375887361183,0.13636363636363635,0.375,0.3629032258064516,VALIDATION_THRESHOLD_SWEEP,not_selected,30,0.2,0.7024450549450549,validation_fine_grid,12,3,138.0
22,0.5641025641025641,FD002,39,0.19999999999999998,5,0.625,19,0.6129032258064516,1.0,0.0,,,0.17455375887361183,0.13636363636363635,0.375,0.3629032258064516,VALIDATION_THRESHOLD_SWEEP,not_selected,30,0.2,0.7071428571428572,validation_fine_grid,12,3,138.0
22,0.5641025641025641,FD002,39,0.19999999999999998,5,0.625,19,0.6129032258064516,1.0,0.0,,,0.17455375887361183,0.13636363636363635,0.375,0.3629032258064516,VALIDATION_THRESHOLD_SWEEP,not_selected,30,0.2,0.7118406593406593,validation_fine_grid,12,3,138.0
22,0.5641025641025641,FD002,39,0.19999999999999998,5,0.625,19,0.6129032258064516,1.0,0.0,,,0.17455375887361183,0.13636363636363635,0.375,0.3629032258064516,VALIDATION_THRESHOLD_SWEEP,not_selected,30,0.2,0.7165384615384616,validation_fine_grid,12,3,138.0
22,0.5641025641025641,FD002,39,0.19999999999999998,5,0.625,19,0.6129032258064516,1.0,0.0,,,0.17455375887361183,0.13636363636363635,0.375,0.3629032258064516,VALIDATION_THRESHOLD_SWEEP,not_selected,30,0.2,0.7212362637362637,validation_fine_grid,12,3,138.0
22,0.5641025641025641,FD002,39,0.19999999999999998,5,0.625,19,0.6129032258064516,1.0,0.0,,,0.17455375887361183,0.13636363636363635,0.375,0.3629032258064516,VALIDATION_THRESHOLD_SWEEP,not_selected,30,0.2,0.725934065934066,validation_fine_grid,12,3,138.0
22,0.5641025641025641,FD002,39,0.19999999999999998,5,0.625,19,0.6129032258064516,1.0,0.0,,,0.17455375887361183,0.13636363636363635,0.375,0.3629032258064516,VALIDATION_THRESHOLD_SWEEP,not_selected,30,0.2,0.7306318681318681,validation_fine_grid,12,3,138.0
22,0.5641025641025641,FD002,39,0.19999999999999998,5,0.625,19,0.6129032258064516,1.0,0.0,,,0.17455375887361183,0.13636363636363635,0.375,0.3629032258064516,VALIDATION_THRESHOLD_SWEEP,not_selected,30,0.2,0.7307692307692307,validation_observed_score,12,3,138.0
21,0.5384615384615384,FD002,39,0.20689655172413796,5,0.625,18,0.5806451612903226,1.0,0.0,,,0.17455375887361183,0.14285714285714285,0.375,0.3629032258064516,VALIDATION_THRESHOLD_SWEEP,not_selected,30,0.2,0.7335164835164835,validation_alert_rate_55pct,13,3,138.0
21,0.5384615384615384,FD002,39,0.20689655172413796,5,0.625,18,0.5806451612903226,1.0,0.0,,,0.17455375887361183,0.14285714285714285,0.375,0.3629032258064516,VALIDATION_THRESHOLD_SWEEP,not_selected,30,0.2,0.7353296703296703,validation_fine_grid,13,3,138.0
21,0.5384615384615384,FD002,39,0.20689655172413796,5,0.625,18,0.5806451612903226,1.0,0.0,,,0.17455375887361183,0.14285714285714285,0.375,0.3629032258064516,VALIDATION_THRESHOLD_SWEEP,not_selected,30,0.2,0.7400274725274725,validation_fine_grid,13,3,138.0
21,0.5384615384615384,FD002,39,0.20689655172413796,5,0.625,18,0.5806451612903226,1.0,0.0,,,0.17455375887361183,0.14285714285714285,0.375,0.3629032258064516,VALIDATION_THRESHOLD_SWEEP,not_selected,30,0.2,0.7447252747252747,validation_fine_grid,13,3,138.0
21,0.5384615384615384,FD002,39,0.20689655172413796,5,0.625,18,0.5806451612903226,1.0,0.0,,,0.17455375887361183,0.14285714285714285,0.375,0.3629032258064516,VALIDATION_THRESHOLD_SWEEP,not_selected,30,0.2,0.7494230769230769,validation_fine_grid,13,3,138.0
21,0.5384615384615384,FD002,39,0.20689655172413796,5,0.625,18,0.5806451612903226,1.0,0.0,,,0.17455375887361183,0.14285714285714285,0.375,0.3629032258064516,VALIDATION_THRESHOLD_SWEEP,not_selected,30,0.2,0.7541208791208791,validation_fine_grid,13,3,138.0
21,0.5384615384615384,FD002,39,0.20689655172413796,5,0.625,18,0.5806451612903226,1.0,0.0,,,0.17455375887361183,0.14285714285714285,0.375,0.3629032258064516,VALIDATION_THRESHOLD_SWEEP,not_selected,30,0.2,0.7582417582417582,validation_alert_rate_45pct+validation_alert_rate_50pct+validation_observed_score,13,3,138.0
17,0.4358974358974359,FD002,39,0.15999999999999998,6,0.75,15,0.4838709677419355,1.0,0.0,,,0.17455375887361183,0.11764705882352941,0.25,0.3629032258064516,VALIDATION_THRESHOLD_SWEEP,not_selected,30,0.2,0.7588186813186814,validation_fine_grid,16,2,138.0
17,0.4358974358974359,FD002,39,0.15999999999999998,6,0.75,15,0.4838709677419355,1.0,0.0,,,0.17455375887361183,0.11764705882352941,0.25,0.3629032258064516,VALIDATION_THRESHOLD_SWEEP,not_selected,30,0.2,0.7635164835164835,validation_fine_grid,16,2,138.0
17,0.4358974358974359,FD002,39,0.15999999999999998,6,0.75,15,0.4838709677419355,1.0,0.0,,,0.17455375887361183,0.11764705882352941,0.25,0.3629032258064516,VALIDATION_THRESHOLD_SWEEP,not_selected,30,0.2,0.7682142857142857,validation_fine_grid,16,2,138.0
17,0.4358974358974359,FD002,39,0.15999999999999998,6,0.75,15,0.4838709677419355,1.0,0.0,,,0.17455375887361183,0.11764705882352941,0.25,0.3629032258064516,VALIDATION_THRESHOLD_SWEEP,not_selected,30,0.2,0.7729120879120879,validation_fine_grid,16,2,138.0
17,0.4358974358974359,FD002,39,0.15999999999999998,6,0.75,15,0.4838709677419355,1.0,0.0,,,0.17455375887361183,0.11764705882352941,0.25,0.3629032258064516,VALIDATION_THRESHOLD_SWEEP,not_selected,30,0.2,0.7776098901098901,validation_fine_grid,16,2,138.0
17,0.4358974358974359,FD002,39,0.15999999999999998,6,0.75,15,0.4838709677419355,1.0,0.0,,,0.17455375887361183,0.11764705882352941,0.25,0.3629032258064516,VALIDATION_THRESHOLD_SWEEP,not_selected,30,0.2,0.7823076923076923,validation_fine_grid,16,2,138.0
17,0.4358974358974359,FD002,39,0.15999999999999998,6,0.75,15,0.4838709677419355,1.0,0.0,,,0.17455375887361183,0.11764705882352941,0.25,0.3629032258064516,VALIDATION_THRESHOLD_SWEEP,not_selected,30,0.2,0.7870054945054945,validation_fine_grid,16,2,138.0
17,0.4358974358974359,FD002,39,0.15999999999999998,6,0.75,15,0.4838709677419355,1.0,0.0,,,0.17455375887361183,0.11764705882352941,0.25,0.3629032258064516,VALIDATION_THRESHOLD_SWEEP,not_selected,30,0.2,0.7917032967032966,validation_fine_grid,16,2,138.0
17,0.4358974358974359,FD002,39,0.15999999999999998,6,0.75,15,0.4838709677419355,1.0,0.0,,,0.17455375887361183,0.11764705882352941,0.25,0.3629032258064516,VALIDATION_THRESHOLD_SWEEP,not_selected,30,0.2,0.7964010989010989,validation_fine_grid,16,2,138.0
17,0.4358974358974359,FD002,39,0.15999999999999998,6,0.75,15,0.4838709677419355,1.0,0.0,,,0.17455375887361183,0.11764705882352941,0.25,0.3629032258064516,VALIDATION_THRESHOLD_SWEEP,not_selected,30,0.2,0.8010989010989011,validation_fine_grid,16,2,138.0
17,0.4358974358974359,FD002,39,0.15999999999999998,6,0.75,15,0.4838709677419355,1.0,0.0,,,0.17455375887361183,0.11764705882352941,0.25,0.3629032258064516,VALIDATION_THRESHOLD_SWEEP,not_selected,30,0.2,0.8057967032967033,validation_fine_grid,16,2,138.0
17,0.4358974358974359,FD002,39,0.15999999999999998,6,0.75,15,0.4838709677419355,1.0,0.0,,,0.17455375887361183,0.11764705882352941,0.25,0.3629032258064516,VALIDATION_THRESHOLD_SWEEP,not_selected,30,0.2,0.8076923076923077,validation_observed_score,16,2,138.0
16,0.41025641025641024,FD002,39,0.16666666666666666,6,0.75,14,0.45161290322580644,1.0,0.0,,,0.17455375887361183,0.125,0.25,0.3629032258064516,VALIDATION_THRESHOLD_SWEEP,not_selected,30,0.2,0.8104945054945055,validation_fine_grid,17,2,138.0
16,0.41025641025641024,FD002,39,0.16666666666666666,6,0.75,14,0.45161290322580644,1.0,0.0,,,0.17455375887361183,0.125,0.25,0.3629032258064516,VALIDATION_THRESHOLD_SWEEP,not_selected,30,0.2,0.8120879120879121,validation_alert_rate_40pct,17,2,138.0
16,0.41025641025641024,FD002,39,0.16666666666666666,6,0.75,14,0.45161290322580644,1.0,0.0,,,0.17455375887361183,0.125,0.25,0.3629032258064516,VALIDATION_THRESHOLD_SWEEP,not_selected,30,0.2,0.8131868131868132,validation_alert_rate_35pct+validation_observed_score,17,2,138.0
13,0.3333333333333333,FD002,39,0.09523809523809525,7,0.875,12,0.3870967741935484,1.0,0.0,,,0.17455375887361183,0.07692307692307693,0.125,0.3629032258064516,VALIDATION_THRESHOLD_SWEEP,not_selected,30,0.2,0.8151923076923077,validation_fine_grid,19,1,138.0
13,0.3333333333333333,FD002,39,0.09523809523809525,7,0.875,12,0.3870967741935484,1.0,0.0,,,0.17455375887361183,0.07692307692307693,0.125,0.3629032258064516,VALIDATION_THRESHOLD_SWEEP,not_selected,30,0.2,0.8198901098901099,validation_fine_grid,19,1,138.0
13,0.3333333333333333,FD002,39,0.09523809523809525,7,0.875,12,0.3870967741935484,1.0,0.0,,,0.17455375887361183,0.07692307692307693,0.125,0.3629032258064516,VALIDATION_THRESHOLD_SWEEP,not_selected,30,0.2,0.824587912087912,validation_fine_grid,19,1,138.0
13,0.3333333333333333,FD002,39,0.09523809523809525,7,0.875,12,0.3870967741935484,1.0,0.0,,,0.17455375887361183,0.07692307692307693,0.125,0.3629032258064516,VALIDATION_THRESHOLD_SWEEP,not_selected,30,0.2,0.8292857142857143,validation_fine_grid,19,1,138.0
13,0.3333333333333333,FD002,39,0.09523809523809525,7,0.875,12,0.3870967741935484,1.0,0.0,,,0.17455375887361183,0.07692307692307693,0.125,0.3629032258064516,VALIDATION_THRESHOLD_SWEEP,not_selected,30,0.2,0.8339835164835164,validation_fine_grid,19,1,138.0
13,0.3333333333333333,FD002,39,0.09523809523809525,7,0.875,12,0.3870967741935484,1.0,0.0,,,0.17455375887361183,0.07692307692307693,0.125,0.3629032258064516,VALIDATION_THRESHOLD_SWEEP,not_selected,30,0.2,0.8386813186813187,validation_fine_grid,19,1,138.0
13,0.3333333333333333,FD002,39,0.09523809523809525,7,0.875,12,0.3870967741935484,1.0,0.0,,,0.17455375887361183,0.07692307692307693,0.125,0.3629032258064516,VALIDATION_THRESHOLD_SWEEP,not_selected,30,0.2,0.8433791208791208,validation_fine_grid,19,1,138.0
13,0.3333333333333333,FD002,39,0.09523809523809525,7,0.875,12,0.3870967741935484,1.0,0.0,,,0.17455375887361183,0.07692307692307693,0.125,0.3629032258064516,VALIDATION_THRESHOLD_SWEEP,not_selected,30,0.2,0.8480769230769231,validation_fine_grid,19,1,138.0
13,0.3333333333333333,FD002,39,0.09523809523809525,7,0.875,12,0.3870967741935484,1.0,0.0,,,0.17455375887361183,0.07692307692307693,0.125,0.3629032258064516,VALIDATION_THRESHOLD_SWEEP,not_selected,30,0.2,0.8527747252747253,validation_fine_grid,19,1,138.0
13,0.3333333333333333,FD002,39,0.09523809523809525,7,0.875,12,0.3870967741935484,1.0,0.0,,,0.17455375887361183,0.07692307692307693,0.125,0.3629032258064516,VALIDATION_THRESHOLD_SWEEP,not_selected,30,0.2,0.8571428571428571,validation_observed_score,19,1,138.0
12,0.3076923076923077,FD002,39,0.1,7,0.875,11,0.3548387096774194,1.0,0.0,,,0.17455375887361183,0.08333333333333333,0.125,0.3629032258064516,VALIDATION_THRESHOLD_SWEEP,not_selected,30,0.2,0.8574725274725274,validation_fine_grid,20,1,138.0
12,0.3076923076923077,FD002,39,0.1,7,0.875,11,0.3548387096774194,1.0,0.0,,,0.17455375887361183,0.08333333333333333,0.125,0.3629032258064516,VALIDATION_THRESHOLD_SWEEP,not_selected,30,0.2,0.8604395604395604,validation_alert_rate_30pct,20,1,138.0
12,0.3076923076923077,FD002,39,0.1,7,0.875,11,0.3548387096774194,1.0,0.0,,,0.17455375887361183,0.08333333333333333,0.125,0.3629032258064516,VALIDATION_THRESHOLD_SWEEP,not_selected,30,0.2,0.8621703296703297,validation_fine_grid,20,1,138.0
12,0.3076923076923077,FD002,39,0.1,7,0.875,11,0.3548387096774194,1.0,0.0,,,0.17455375887361183,0.08333333333333333,0.125,0.3629032258064516,VALIDATION_THRESHOLD_SWEEP,not_selected,30,0.2,0.8626373626373627,validation_observed_score,20,1,138.0
11,0.28205128205128205,FD002,39,0.10526315789473685,7,0.875,10,0.3225806451612903,1.0,0.0,,,0.17455375887361183,0.09090909090909091,0.125,0.3629032258064516,VALIDATION_THRESHOLD_SWEEP,not_selected,30,0.2,0.8668681318681318,validation_fine_grid,21,1,138.0
11,0.28205128205128205,FD002,39,0.10526315789473685,7,0.875,10,0.3225806451612903,1.0,0.0,,,0.17455375887361183,0.09090909090909091,0.125,0.3629032258064516,VALIDATION_THRESHOLD_SWEEP,not_selected,30,0.2,0.8681318681318682,validation_alert_rate_25pct+validation_observed_score,21,1,138.0
9,0.23076923076923078,FD002,39,0.11764705882352941,7,0.875,8,0.25806451612903225,1.0,0.0,,,0.17455375887361183,0.1111111111111111,0.125,0.3629032258064516,VALIDATION_THRESHOLD_SWEEP,not_selected,30,0.2,0.8715659340659341,validation_fine_grid,23,1,138.0
9,0.23076923076923078,FD002,39,0.11764705882352941,7,0.875,8,0.25806451612903225,1.0,0.0,,,0.17455375887361183,0.1111111111111111,0.125,0.3629032258064516,VALIDATION_THRESHOLD_SWEEP,not_selected,30,0.2,0.8762637362637362,validation_fine_grid,23,1,138.0
9,0.23076923076923078,FD002,39,0.11764705882352941,7,0.875,8,0.25806451612903225,1.0,0.0,,,0.17455375887361183,0.1111111111111111,0.125,0.3629032258064516,VALIDATION_THRESHOLD_SWEEP,not_selected,30,0.2,0.8809615384615385,validation_fine_grid,23,1,138.0
9,0.23076923076923078,FD002,39,0.11764705882352941,7,0.875,8,0.25806451612903225,1.0,0.0,,,0.17455375887361183,0.1111111111111111,0.125,0.3629032258064516,VALIDATION_THRESHOLD_SWEEP,not_selected,30,0.2,0.8846153846153846,validation_observed_score,23,1,138.0
8,0.20512820512820512,FD002,39,0.125,7,0.875,7,0.22580645161290322,1.0,0.0,,,0.17455375887361183,0.125,0.125,0.3629032258064516,VALIDATION_THRESHOLD_SWEEP,not_selected,30,0.2,0.8856593406593406,validation_fine_grid,24,1,138.0
8,0.20512820512820512,FD002,39,0.125,7,0.875,7,0.22580645161290322,1.0,0.0,,,0.17455375887361183,0.125,0.125,0.3629032258064516,VALIDATION_THRESHOLD_SWEEP,not_selected,30,0.2,0.8903571428571428,validation_fine_grid,24,1,138.0
8,0.20512820512820512,FD002,39,0.125,7,0.875,7,0.22580645161290322,1.0,0.0,,,0.17455375887361183,0.125,0.125,0.3629032258064516,VALIDATION_THRESHOLD_SWEEP,not_selected,30,0.2,0.895054945054945,validation_fine_grid,24,1,138.0
8,0.20512820512820512,FD002,39,0.125,7,0.875,7,0.22580645161290322,1.0,0.0,,,0.17455375887361183,0.125,0.125,0.3629032258064516,VALIDATION_THRESHOLD_SWEEP,not_selected,30,0.2,0.8997527472527472,validation_fine_grid,24,1,138.0
8,0.20512820512820512,FD002,39,0.125,7,0.875,7,0.22580645161290322,1.0,0.0,,,0.17455375887361183,0.125,0.125,0.3629032258064516,VALIDATION_THRESHOLD_SWEEP,not_selected,30,0.2,0.9021978021978023,validation_alert_rate_20pct,24,1,138.0
8,0.20512820512820512,FD002,39,0.125,7,0.875,7,0.22580645161290322,1.0,0.0,,,0.17455375887361183,0.125,0.125,0.3629032258064516,VALIDATION_THRESHOLD_SWEEP,not_selected,30,0.2,0.9044505494505495,validation_fine_grid,24,1,138.0
8,0.20512820512820512,FD002,39,0.125,7,0.875,7,0.22580645161290322,1.0,0.0,,,0.17455375887361183,0.125,0.125,0.3629032258064516,VALIDATION_THRESHOLD_SWEEP,not_selected,30,0.2,0.9091483516483516,validation_fine_grid,24,1,138.0
8,0.20512820512820512,FD002,39,0.125,7,0.875,7,0.22580645161290322,1.0,0.0,,,0.17455375887361183,0.125,0.125,0.3629032258064516,VALIDATION_THRESHOLD_SWEEP,not_selected,30,0.2,0.9138461538461539,validation_fine_grid,24,1,138.0
8,0.20512820512820512,FD002,39,0.125,7,0.875,7,0.22580645161290322,1.0,0.0,,,0.17455375887361183,0.125,0.125,0.3629032258064516,VALIDATION_THRESHOLD_SWEEP,not_selected,30,0.2,0.918543956043956,validation_fine_grid,24,1,138.0
8,0.20512820512820512,FD002,39,0.125,7,0.875,7,0.22580645161290322,1.0,0.0,,,0.17455375887361183,0.125,0.125,0.3629032258064516,VALIDATION_THRESHOLD_SWEEP,not_selected,30,0.2,0.9232417582417582,validation_fine_grid,24,1,138.0
8,0.20512820512820512,FD002,39,0.125,7,0.875,7,0.22580645161290322,1.0,0.0,,,0.17455375887361183,0.125,0.125,0.3629032258064516,VALIDATION_THRESHOLD_SWEEP,not_selected,30,0.2,0.9279395604395604,validation_fine_grid,24,1,138.0
8,0.20512820512820512,FD002,39,0.125,7,0.875,7,0.22580645161290322,1.0,0.0,,,0.17455375887361183,0.125,0.125,0.3629032258064516,VALIDATION_THRESHOLD_SWEEP,not_selected,30,0.2,0.9285714285714286,validation_observed_score,24,1,138.0
7,0.1794871794871795,FD002,39,0.13333333333333333,7,0.875,6,0.1935483870967742,1.0,0.0,,,0.17455375887361183,0.14285714285714285,0.125,0.3629032258064516,VALIDATION_THRESHOLD_SWEEP,not_selected,30,0.2,0.9326373626373626,validation_fine_grid,25,1,138.0
7,0.1794871794871795,FD002,39,0.13333333333333333,7,0.875,6,0.1935483870967742,1.0,0.0,,,0.17455375887361183,0.14285714285714285,0.125,0.3629032258064516,VALIDATION_THRESHOLD_SWEEP,not_selected,30,0.2,0.9340659340659341,validation_observed_score,25,1,138.0
6,0.15384615384615385,FD002,39,0.14285714285714288,7,0.875,5,0.16129032258064516,1.0,0.0,,,0.17455375887361183,0.16666666666666666,0.125,0.3629032258064516,VALIDATION_THRESHOLD_SWEEP,not_selected,30,0.2,0.9373351648351648,validation_fine_grid,26,1,138.0
6,0.15384615384615385,FD002,39,0.14285714285714288,7,0.875,5,0.16129032258064516,1.0,0.0,,,0.17455375887361183,0.16666666666666666,0.125,0.3629032258064516,VALIDATION_THRESHOLD_SWEEP,not_selected,30,0.2,0.939010989010989,validation_alert_rate_15pct,26,1,138.0
6,0.15384615384615385,FD002,39,0.14285714285714288,7,0.875,5,0.16129032258064516,1.0,0.0,,,0.17455375887361183,0.16666666666666666,0.125,0.3629032258064516,VALIDATION_THRESHOLD_SWEEP,not_selected,30,0.2,0.942032967032967,validation_fine_grid,26,1,138.0
6,0.15384615384615385,FD002,39,0.14285714285714288,7,0.875,5,0.16129032258064516,1.0,0.0,,,0.17455375887361183,0.16666666666666666,0.125,0.3629032258064516,VALIDATION_THRESHOLD_SWEEP,not_selected,30,0.2,0.9467307692307692,validation_fine_grid,26,1,138.0
6,0.15384615384615385,FD002,39,0.14285714285714288,7,0.875,5,0.16129032258064516,1.0,0.0,,,0.17455375887361183,0.16666666666666666,0.125,0.3629032258064516,VALIDATION_THRESHOLD_SWEEP,not_selected,30,0.2,0.9505494505494505,validation_observed_score,26,1,138.0
5,0.1282051282051282,FD002,39,,8,1.0,5,0.16129032258064516,1.0,0.0,,,0.17455375887361183,0.0,0.0,0.3629032258064516,VALIDATION_THRESHOLD_SWEEP,not_selected,30,0.2,0.9514285714285714,validation_fine_grid,26,0,138.0
5,0.1282051282051282,FD002,39,,8,1.0,5,0.16129032258064516,1.0,0.0,,,0.17455375887361183,0.0,0.0,0.3629032258064516,VALIDATION_THRESHOLD_SWEEP,not_selected,30,0.2,0.9560439560439561,validation_alert_rate_10pct+validation_observed_score,26,0,138.0
3,0.07692307692307693,FD002,39,,8,1.0,3,0.0967741935483871,1.0,0.0,,,0.17455375887361183,0.0,0.0,0.3629032258064516,VALIDATION_THRESHOLD_SWEEP,not_selected,30,0.2,0.9561263736263736,validation_fine_grid,28,0,138.0
3,0.07692307692307693,FD002,39,,8,1.0,3,0.0967741935483871,1.0,0.0,,,0.17455375887361183,0.0,0.0,0.3629032258064516,VALIDATION_THRESHOLD_SWEEP,not_selected,30,0.2,0.9608241758241758,validation_fine_grid,28,0,138.0
3,0.07692307692307693,FD002,39,,8,1.0,3,0.0967741935483871,1.0,0.0,,,0.17455375887361183,0.0,0.0,0.3629032258064516,VALIDATION_THRESHOLD_SWEEP,not_selected,30,0.2,0.965521978021978,validation_fine_grid,28,0,138.0
3,0.07692307692307693,FD002,39,,8,1.0,3,0.0967741935483871,1.0,0.0,,,0.17455375887361183,0.0,0.0,0.3629032258064516,VALIDATION_THRESHOLD_SWEEP,not_selected,30,0.2,0.967032967032967,validation_observed_score,28,0,138.0
2,0.05128205128205128,FD002,39,,8,1.0,2,0.06451612903225806,1.0,0.0,,,0.17455375887361183,0.0,0.0,0.3629032258064516,VALIDATION_THRESHOLD_SWEEP,not_selected,30,0.2,0.9702197802197802,validation_fine_grid,29,0,138.0
2,0.05128205128205128,FD002,39,,8,1.0,2,0.06451612903225806,1.0,0.0,,,0.17455375887361183,0.0,0.0,0.3629032258064516,VALIDATION_THRESHOLD_SWEEP,not_selected,30,0.2,0.9749175824175824,validation_fine_grid,29,0,138.0
2,0.05128205128205128,FD002,39,,8,1.0,2,0.06451612903225806,1.0,0.0,,,0.17455375887361183,0.0,0.0,0.3629032258064516,VALIDATION_THRESHOLD_SWEEP,not_selected,30,0.2,0.9796153846153846,validation_fine_grid,29,0,138.0
2,0.05128205128205128,FD002,39,,8,1.0,2,0.06451612903225806,1.0,0.0,,,0.17455375887361183,0.0,0.0,0.3629032258064516,VALIDATION_THRESHOLD_SWEEP,not_selected,30,0.2,0.9843131868131868,validation_fine_grid,29,0,138.0
2,0.05128205128205128,FD002,39,,8,1.0,2,0.06451612903225806,1.0,0.0,,,0.17455375887361183,0.0,0.0,0.3629032258064516,VALIDATION_THRESHOLD_SWEEP,not_selected,30,0.2,0.989010989010989,validation_fine_grid+validation_observed_score,29,0,138.0
37,0.9487179487179487,FD002,39,0.35555555555555557,0,0.0,29,0.9354838709677419,1.0,0.0,,,0.17455375887361183,0.21621621621621623,1.0,0.3629032258064516,VALIDATION_SELECTED,recall_target_met,30,0.2,0.06824175824175824,validation_fine_grid,2,8,138.0
38,0.9743589743589743,FD002,39,0.38297872340425526,0,0.0,29,0.9666666666666667,1.0,0.0,,,0.21317859986590637,0.23684210526315788,1.0,0.3740740740740741,INTERNAL_HOLDOUT_LOCKED,recall_target_met,30,0.2,0.06824175824175824,frozen_validation_selected,1,9,138.0
246,0.9723320158102767,FD002,253,0.2975778546712803,0,0.0,203,0.9666666666666667,1.0,0.0,210,43,0.2102779325200901,0.17479674796747968,1.0,0.5328349944629015,OFFICIAL_TEST_RUL_LOCKED,recall_target_met,30,0.2,0.06824175824175824,frozen_validation_selected,7,43,138.0
3,0.2,FD003,15,,6,1.0,3,0.3333333333333333,0.5,0.5,,,0.35454545454545455,0.0,0.0,0.32407407407407407,VALIDATION_BASELINE_50_50,not_selected,30,0.2,0.7978571428571429,existing_validation_85th_percentile,6,0,156.6
4,0.26666666666666666,FD003,15,0.2,5,0.8333333333333334,3,0.3333333333333333,1.0,0.0,,,0.34393939393939393,0.25,0.16666666666666666,0.3333333333333333,VALIDATION_BEST_FUSION_85TH_PERCENTILE,not_selected,30,0.2,0.8428571428571429,best_fusion_validation_85th_percentile,6,1,156.6
15,1.0,FD003,15,0.5714285714285715,0,0.0,9,1.0,1.0,0.0,,,0.34393939393939393,0.4,1.0,0.3333333333333333,VALIDATION_THRESHOLD_SWEEP,not_selected,30,0.2,0.2857142857142857,validation_fine_grid+validation_observed_score,0,6,156.6
14,0.9333333333333333,FD003,15,0.5,1,0.16666666666666666,9,1.0,1.0,0.0,,,0.34393939393939393,0.35714285714285715,0.8333333333333334,0.3333333333333333,VALIDATION_THRESHOLD_SWEEP,not_selected,30,0.2,0.28885714285714287,validation_fine_grid,0,5,156.6
14,0.9333333333333333,FD003,15,0.5,1,0.16666666666666666,9,1.0,1.0,0.0,,,0.34393939393939393,0.35714285714285715,0.8333333333333334,0.3333333333333333,VALIDATION_THRESHOLD_SWEEP,not_selected,30,0.2,0.292,validation_fine_grid,0,5,156.6
14,0.9333333333333333,FD003,15,0.5,1,0.16666666666666666,9,1.0,1.0,0.0,,,0.34393939393939393,0.35714285714285715,0.8333333333333334,0.3333333333333333,VALIDATION_THRESHOLD_SWEEP,not_selected,30,0.2,0.29514285714285715,validation_fine_grid,0,5,156.6
14,0.9333333333333333,FD003,15,0.5,1,0.16666666666666666,9,1.0,1.0,0.0,,,0.34393939393939393,0.35714285714285715,0.8333333333333334,0.3333333333333333,VALIDATION_THRESHOLD_SWEEP,not_selected,30,0.2,0.29828571428571427,validation_fine_grid,0,5,156.6
14,0.9333333333333333,FD003,15,0.5,1,0.16666666666666666,9,1.0,1.0,0.0,,,0.34393939393939393,0.35714285714285715,0.8333333333333334,0.3333333333333333,VALIDATION_THRESHOLD_SWEEP,not_selected,30,0.2,0.30142857142857143,validation_fine_grid,0,5,156.6
14,0.9333333333333333,FD003,15,0.5,1,0.16666666666666666,9,1.0,1.0,0.0,,,0.34393939393939393,0.35714285714285715,0.8333333333333334,0.3333333333333333,VALIDATION_THRESHOLD_SWEEP,not_selected,30,0.2,0.30457142857142855,validation_fine_grid,0,5,156.6
14,0.9333333333333333,FD003,15,0.5,1,0.16666666666666666,9,1.0,1.0,0.0,,,0.34393939393939393,0.35714285714285715,0.8333333333333334,0.3333333333333333,VALIDATION_THRESHOLD_SWEEP,not_selected,30,0.2,0.3077142857142857,validation_fine_grid,0,5,156.6
14,0.9333333333333333,FD003,15,0.5,1,0.16666666666666666,9,1.0,1.0,0.0,,,0.34393939393939393,0.35714285714285715,0.8333333333333334,0.3333333333333333,VALIDATION_THRESHOLD_SWEEP,not_selected,30,0.2,0.31085714285714283,validation_fine_grid,0,5,156.6
14,0.9333333333333333,FD003,15,0.5,1,0.16666666666666666,9,1.0,1.0,0.0,,,0.34393939393939393,0.35714285714285715,0.8333333333333334,0.3333333333333333,VALIDATION_THRESHOLD_SWEEP,not_selected,30,0.2,0.314,validation_fine_grid,0,5,156.6
14,0.9333333333333333,FD003,15,0.5,1,0.16666666666666666,9,1.0,1.0,0.0,,,0.34393939393939393,0.35714285714285715,0.8333333333333334,0.3333333333333333,VALIDATION_THRESHOLD_SWEEP,not_selected,30,0.2,0.3142857142857143,validation_observed_score,0,5,156.6
13,0.8666666666666667,FD003,15,0.5263157894736842,1,0.16666666666666666,8,0.8888888888888888,1.0,0.0,,,0.34393939393939393,0.38461538461538464,0.8333333333333334,0.3333333333333333,VALIDATION_THRESHOLD_SWEEP,not_selected,30,0.2,0.3171428571428571,validation_fine_grid,1,5,156.6
13,0.8666666666666667,FD003,15,0.5263157894736842,1,0.16666666666666666,8,0.8888888888888888,1.0,0.0,,,0.34393939393939393,0.38461538461538464,0.8333333333333334,0.3333333333333333,VALIDATION_THRESHOLD_SWEEP,not_selected,30,0.2,0.3202857142857143,validation_fine_grid,1,5,156.6
13,0.8666666666666667,FD003,15,0.5263157894736842,1,0.16666666666666666,8,0.8888888888888888,1.0,0.0,,,0.34393939393939393,0.38461538461538464,0.8333333333333334,0.3333333333333333,VALIDATION_THRESHOLD_SWEEP,not_selected,30,0.2,0.3234285714285714,validation_fine_grid,1,5,156.6
13,0.8666666666666667,FD003,15,0.5263157894736842,1,0.16666666666666666,8,0.8888888888888888,1.0,0.0,,,0.34393939393939393,0.38461538461538464,0.8333333333333334,0.3333333333333333,VALIDATION_THRESHOLD_SWEEP,not_selected,30,0.2,0.32657142857142857,validation_fine_grid,1,5,156.6
13,0.8666666666666667,FD003,15,0.5263157894736842,1,0.16666666666666666,8,0.8888888888888888,1.0,0.0,,,0.34393939393939393,0.38461538461538464,0.8333333333333334,0.3333333333333333,VALIDATION_THRESHOLD_SWEEP,not_selected,30,0.2,0.3297142857142857,validation_fine_grid,1,5,156.6
13,0.8666666666666667,FD003,15,0.5263157894736842,1,0.16666666666666666,8,0.8888888888888888,1.0,0.0,,,0.34393939393939393,0.38461538461538464,0.8333333333333334,0.3333333333333333,VALIDATION_THRESHOLD_SWEEP,not_selected,30,0.2,0.33285714285714285,validation_fine_grid,1,5,156.6
13,0.8666666666666667,FD003,15,0.5263157894736842,1,0.16666666666666666,8,0.8888888888888888,1.0,0.0,,,0.34393939393939393,0.38461538461538464,0.8333333333333334,0.3333333333333333,VALIDATION_THRESHOLD_SWEEP,not_selected,30,0.2,0.33599999999999997,validation_fine_grid,1,5,156.6
13,0.8666666666666667,FD003,15,0.5263157894736842,1,0.16666666666666666,8,0.8888888888888888,1.0,0.0,,,0.34393939393939393,0.38461538461538464,0.8333333333333334,0.3333333333333333,VALIDATION_THRESHOLD_SWEEP,not_selected,30,0.2,0.33914285714285713,validation_fine_grid,1,5,156.6
13,0.8666666666666667,FD003,15,0.5263157894736842,1,0.16666666666666666,8,0.8888888888888888,1.0,0.0,,,0.34393939393939393,0.38461538461538464,0.8333333333333334,0.3333333333333333,VALIDATION_THRESHOLD_SWEEP,not_selected,30,0.2,0.34228571428571425,validation_fine_grid,1,5,156.6
13,0.8666666666666667,FD003,15,0.5263157894736842,1,0.16666666666666666,8,0.8888888888888888,1.0,0.0,,,0.34393939393939393,0.38461538461538464,0.8333333333333334,0.3333333333333333,VALIDATION_THRESHOLD_SWEEP,not_selected,30,0.2,0.34285714285714286,validation_observed_score,1,5,156.6
12,0.8,FD003,15,0.5555555555555556,1,0.16666666666666666,7,0.7777777777777778,1.0,0.0,,,0.34393939393939393,0.4166666666666667,0.8333333333333334,0.3333333333333333,VALIDATION_THRESHOLD_SWEEP,not_selected,30,0.2,0.3454285714285714,validation_fine_grid,2,5,156.6
12,0.8,FD003,15,0.5555555555555556,1,0.16666666666666666,7,0.7777777777777778,1.0,0.0,,,0.34393939393939393,0.4166666666666667,0.8333333333333334,0.3333333333333333,VALIDATION_THRESHOLD_SWEEP,not_selected,30,0.2,0.34857142857142853,validation_fine_grid,2,5,156.6
12,0.8,FD003,15,0.5555555555555556,1,0.16666666666666666,7,0.7777777777777778,1.0,0.0,,,0.34393939393939393,0.4166666666666667,0.8333333333333334,0.3333333333333333,VALIDATION_THRESHOLD_SWEEP,not_selected,30,0.2,0.3517142857142857,validation_fine_grid,2,5,156.6
12,0.8,FD003,15,0.5555555555555556,1,0.16666666666666666,7,0.7777777777777778,1.0,0.0,,,0.34393939393939393,0.4166666666666667,0.8333333333333334,0.3333333333333333,VALIDATION_THRESHOLD_SWEEP,not_selected,30,0.2,0.35485714285714287,validation_fine_grid,2,5,156.6
12,0.8,FD003,15,0.5555555555555556,1,0.16666666666666666,7,0.7777777777777778,1.0,0.0,,,0.34393939393939393,0.4166666666666667,0.8333333333333334,0.3333333333333333,VALIDATION_THRESHOLD_SWEEP,not_selected,30,0.2,0.358,validation_fine_grid,2,5,156.6
12,0.8,FD003,15,0.5555555555555556,1,0.16666666666666666,7,0.7777777777777778,1.0,0.0,,,0.34393939393939393,0.4166666666666667,0.8333333333333334,0.3333333333333333,VALIDATION_THRESHOLD_SWEEP,not_selected,30,0.2,0.3611428571428571,validation_fine_grid,2,5,156.6
12,0.8,FD003,15,0.5555555555555556,1,0.16666666666666666,7,0.7777777777777778,1.0,0.0,,,0.34393939393939393,0.4166666666666667,0.8333333333333334,0.3333333333333333,VALIDATION_THRESHOLD_SWEEP,not_selected,30,0.2,0.36428571428571427,validation_fine_grid,2,5,156.6
12,0.8,FD003,15,0.5555555555555556,1,0.16666666666666666,7,0.7777777777777778,1.0,0.0,,,0.34393939393939393,0.4166666666666667,0.8333333333333334,0.3333333333333333,VALIDATION_THRESHOLD_SWEEP,not_selected,30,0.2,0.36742857142857144,validation_fine_grid,2,5,156.6
12,0.8,FD003,15,0.5555555555555556,1,0.16666666666666666,7,0.7777777777777778,1.0,0.0,,,0.34393939393939393,0.4166666666666667,0.8333333333333334,0.3333333333333333,VALIDATION_THRESHOLD_SWEEP,not_selected,30,0.2,0.37057142857142855,validation_fine_grid,2,5,156.6
12,0.8,FD003,15,0.5555555555555556,1,0.16666666666666666,7,0.7777777777777778,1.0,0.0,,,0.34393939393939393,0.4166666666666667,0.8333333333333334,0.3333333333333333,VALIDATION_THRESHOLD_SWEEP,not_selected,30,0.2,0.3737142857142857,validation_fine_grid,2,5,156.6
12,0.8,FD003,15,0.5555555555555556,1,0.16666666666666666,7,0.7777777777777778,1.0,0.0,,,0.34393939393939393,0.4166666666666667,0.8333333333333334,0.3333333333333333,VALIDATION_THRESHOLD_SWEEP,not_selected,30,0.2,0.37685714285714284,validation_fine_grid,2,5,156.6
12,0.8,FD003,15,0.5555555555555556,1,0.16666666666666666,7,0.7777777777777778,1.0,0.0,,,0.34393939393939393,0.4166666666666667,0.8333333333333334,0.3333333333333333,VALIDATION_THRESHOLD_SWEEP,not_selected,30,0.2,0.38,validation_fine_grid,2,5,156.6
12,0.8,FD003,15,0.5555555555555556,1,0.16666666666666666,7,0.7777777777777778,1.0,0.0,,,0.34393939393939393,0.4166666666666667,0.8333333333333334,0.3333333333333333,VALIDATION_THRESHOLD_SWEEP,not_selected,30,0.2,0.3831428571428571,validation_fine_grid,2,5,156.6
12,0.8,FD003,15,0.5555555555555556,1,0.16666666666666666,7,0.7777777777777778,1.0,0.0,,,0.34393939393939393,0.4166666666666667,0.8333333333333334,0.3333333333333333,VALIDATION_THRESHOLD_SWEEP,not_selected,30,0.2,0.3862857142857143,validation_fine_grid,2,5,156.6
12,0.8,FD003,15,0.5555555555555556,1,0.16666666666666666,7,0.7777777777777778,1.0,0.0,,,0.34393939393939393,0.4166666666666667,0.8333333333333334,0.3333333333333333,VALIDATION_THRESHOLD_SWEEP,not_selected,30,0.2,0.3894285714285714,validation_fine_grid,2,5,156.6
12,0.8,FD003,15,0.5555555555555556,1,0.16666666666666666,7,0.7777777777777778,1.0,0.0,,,0.34393939393939393,0.4166666666666667,0.8333333333333334,0.3333333333333333,VALIDATION_THRESHOLD_SWEEP,not_selected,30,0.2,0.39257142857142857,validation_fine_grid,2,5,156.6
12,0.8,FD003,15,0.5555555555555556,1,0.16666666666666666,7,0.7777777777777778,1.0,0.0,,,0.34393939393939393,0.4166666666666667,0.8333333333333334,0.3333333333333333,VALIDATION_THRESHOLD_SWEEP,not_selected,30,0.2,0.3957142857142857,validation_fine_grid,2,5,156.6
12,0.8,FD003,15,0.5555555555555556,1,0.16666666666666666,7,0.7777777777777778,1.0,0.0,,,0.34393939393939393,0.4166666666666667,0.8333333333333334,0.3333333333333333,VALIDATION_THRESHOLD_SWEEP,not_selected,30,0.2,0.39885714285714285,validation_fine_grid,2,5,156.6
12,0.8,FD003,15,0.5555555555555556,1,0.16666666666666666,7,0.7777777777777778,1.0,0.0,,,0.34393939393939393,0.4166666666666667,0.8333333333333334,0.3333333333333333,VALIDATION_THRESHOLD_SWEEP,not_selected,30,0.2,0.40199999999999997,validation_fine_grid,2,5,156.6
12,0.8,FD003,15,0.5555555555555556,1,0.16666666666666666,7,0.7777777777777778,1.0,0.0,,,0.34393939393939393,0.4166666666666667,0.8333333333333334,0.3333333333333333,VALIDATION_THRESHOLD_SWEEP,not_selected,30,0.2,0.40514285714285714,validation_fine_grid,2,5,156.6
12,0.8,FD003,15,0.5555555555555556,1,0.16666666666666666,7,0.7777777777777778,1.0,0.0,,,0.34393939393939393,0.4166666666666667,0.8333333333333334,0.3333333333333333,VALIDATION_THRESHOLD_SWEEP,not_selected,30,0.2,0.40828571428571425,validation_fine_grid,2,5,156.6
12,0.8,FD003,15,0.5555555555555556,1,0.16666666666666666,7,0.7777777777777778,1.0,0.0,,,0.34393939393939393,0.4166666666666667,0.8333333333333334,0.3333333333333333,VALIDATION_THRESHOLD_SWEEP,not_selected,30,0.2,0.4114285714285714,validation_fine_grid,2,5,156.6
12,0.8,FD003,15,0.5555555555555556,1,0.16666666666666666,7,0.7777777777777778,1.0,0.0,,,0.34393939393939393,0.4166666666666667,0.8333333333333334,0.3333333333333333,VALIDATION_THRESHOLD_SWEEP,not_selected,30,0.2,0.4145714285714286,validation_fine_grid,2,5,156.6
12,0.8,FD003,15,0.5555555555555556,1,0.16666666666666666,7,0.7777777777777778,1.0,0.0,,,0.34393939393939393,0.4166666666666667,0.8333333333333334,0.3333333333333333,VALIDATION_THRESHOLD_SWEEP,not_selected,30,0.2,0.4177142857142857,validation_fine_grid,2,5,156.6
12,0.8,FD003,15,0.5555555555555556,1,0.16666666666666666,7,0.7777777777777778,1.0,0.0,,,0.34393939393939393,0.4166666666666667,0.8333333333333334,0.3333333333333333,VALIDATION_THRESHOLD_SWEEP,not_selected,30,0.2,0.4208571428571428,validation_fine_grid,2,5,156.6
12,0.8,FD003,15,0.5555555555555556,1,0.16666666666666666,7,0.7777777777777778,1.0,0.0,,,0.34393939393939393,0.4166666666666667,0.8333333333333334,0.3333333333333333,VALIDATION_THRESHOLD_SWEEP,not_selected,30,0.2,0.424,validation_fine_grid,2,5,156.6
12,0.8,FD003,15,0.5555555555555556,1,0.16666666666666666,7,0.7777777777777778,1.0,0.0,,,0.34393939393939393,0.4166666666666667,0.8333333333333334,0.3333333333333333,VALIDATION_THRESHOLD_SWEEP,not_selected,30,0.2,0.42714285714285716,validation_fine_grid,2,5,156.6
12,0.8,FD003,15,0.5555555555555556,1,0.16666666666666666,7,0.7777777777777778,1.0,0.0,,,0.34393939393939393,0.4166666666666667,0.8333333333333334,0.3333333333333333,VALIDATION_THRESHOLD_SWEEP,not_selected,30,0.2,0.42857142857142855,validation_observed_score,2,5,156.6
11,0.7333333333333333,FD003,15,0.4705882352941177,2,0.3333333333333333,7,0.7777777777777778,1.0,0.0,,,0.34393939393939393,0.36363636363636365,0.6666666666666666,0.3333333333333333,VALIDATION_THRESHOLD_SWEEP,not_selected,30,0.2,0.43028571428571427,validation_fine_grid,2,4,156.6
11,0.7333333333333333,FD003,15,0.4705882352941177,2,0.3333333333333333,7,0.7777777777777778,1.0,0.0,,,0.34393939393939393,0.36363636363636365,0.6666666666666666,0.3333333333333333,VALIDATION_THRESHOLD_SWEEP,not_selected,30,0.2,0.4334285714285714,validation_fine_grid,2,4,156.6
11,0.7333333333333333,FD003,15,0.4705882352941177,2,0.3333333333333333,7,0.7777777777777778,1.0,0.0,,,0.34393939393939393,0.36363636363636365,0.6666666666666666,0.3333333333333333,VALIDATION_THRESHOLD_SWEEP,not_selected,30,0.2,0.43657142857142855,validation_fine_grid,2,4,156.6
11,0.7333333333333333,FD003,15,0.4705882352941177,2,0.3333333333333333,7,0.7777777777777778,1.0,0.0,,,0.34393939393939393,0.36363636363636365,0.6666666666666666,0.3333333333333333,VALIDATION_THRESHOLD_SWEEP,not_selected,30,0.2,0.4397142857142857,validation_fine_grid,2,4,156.6
11,0.7333333333333333,FD003,15,0.4705882352941177,2,0.3333333333333333,7,0.7777777777777778,1.0,0.0,,,0.34393939393939393,0.36363636363636365,0.6666666666666666,0.3333333333333333,VALIDATION_THRESHOLD_SWEEP,not_selected,30,0.2,0.44285714285714284,validation_fine_grid,2,4,156.6
11,0.7333333333333333,FD003,15,0.4705882352941177,2,0.3333333333333333,7,0.7777777777777778,1.0,0.0,,,0.34393939393939393,0.36363636363636365,0.6666666666666666,0.3333333333333333,VALIDATION_THRESHOLD_SWEEP,not_selected,30,0.2,0.44599999999999995,validation_fine_grid,2,4,156.6
11,0.7333333333333333,FD003,15,0.4705882352941177,2,0.3333333333333333,7,0.7777777777777778,1.0,0.0,,,0.34393939393939393,0.36363636363636365,0.6666666666666666,0.3333333333333333,VALIDATION_THRESHOLD_SWEEP,not_selected,30,0.2,0.4491428571428571,validation_fine_grid,2,4,156.6
11,0.7333333333333333,FD003,15,0.4705882352941177,2,0.3333333333333333,7,0.7777777777777778,1.0,0.0,,,0.34393939393939393,0.36363636363636365,0.6666666666666666,0.3333333333333333,VALIDATION_THRESHOLD_SWEEP,not_selected,30,0.2,0.4522857142857143,validation_fine_grid,2,4,156.6
11,0.7333333333333333,FD003,15,0.4705882352941177,2,0.3333333333333333,7,0.7777777777777778,1.0,0.0,,,0.34393939393939393,0.36363636363636365,0.6666666666666666,0.3333333333333333,VALIDATION_THRESHOLD_SWEEP,not_selected,30,0.2,0.4554285714285714,validation_fine_grid,2,4,156.6
11,0.7333333333333333,FD003,15,0.4705882352941177,2,0.3333333333333333,7,0.7777777777777778,1.0,0.0,,,0.34393939393939393,0.36363636363636365,0.6666666666666666,0.3333333333333333,VALIDATION_THRESHOLD_SWEEP,not_selected,30,0.2,0.4585714285714286,validation_fine_grid,2,4,156.6
11,0.7333333333333333,FD003,15,0.4705882352941177,2,0.3333333333333333,7,0.7777777777777778,1.0,0.0,,,0.34393939393939393,0.36363636363636365,0.6666666666666666,0.3333333333333333,VALIDATION_THRESHOLD_SWEEP,not_selected,30,0.2,0.46171428571428574,validation_fine_grid,2,4,156.6
11,0.7333333333333333,FD003,15,0.4705882352941177,2,0.3333333333333333,7,0.7777777777777778,1.0,0.0,,,0.34393939393939393,0.36363636363636365,0.6666666666666666,0.3333333333333333,VALIDATION_THRESHOLD_SWEEP,not_selected,30,0.2,0.46485714285714286,validation_fine_grid,2,4,156.6
11,0.7333333333333333,FD003,15,0.4705882352941177,2,0.3333333333333333,7,0.7777777777777778,1.0,0.0,,,0.34393939393939393,0.36363636363636365,0.6666666666666666,0.3333333333333333,VALIDATION_THRESHOLD_SWEEP,not_selected,30,0.2,0.46799999999999997,validation_fine_grid,2,4,156.6
11,0.7333333333333333,FD003,15,0.4705882352941177,2,0.3333333333333333,7,0.7777777777777778,1.0,0.0,,,0.34393939393939393,0.36363636363636365,0.6666666666666666,0.3333333333333333,VALIDATION_THRESHOLD_SWEEP,not_selected,30,0.2,0.47114285714285714,validation_fine_grid,2,4,156.6
11,0.7333333333333333,FD003,15,0.4705882352941177,2,0.3333333333333333,7,0.7777777777777778,1.0,0.0,,,0.34393939393939393,0.36363636363636365,0.6666666666666666,0.3333333333333333,VALIDATION_THRESHOLD_SWEEP,not_selected,30,0.2,0.4742857142857143,validation_fine_grid,2,4,156.6
11,0.7333333333333333,FD003,15,0.4705882352941177,2,0.3333333333333333,7,0.7777777777777778,1.0,0.0,,,0.34393939393939393,0.36363636363636365,0.6666666666666666,0.3333333333333333,VALIDATION_THRESHOLD_SWEEP,not_selected,30,0.2,0.4774285714285714,validation_fine_grid,2,4,156.6
11,0.7333333333333333,FD003,15,0.4705882352941177,2,0.3333333333333333,7,0.7777777777777778,1.0,0.0,,,0.34393939393939393,0.36363636363636365,0.6666666666666666,0.3333333333333333,VALIDATION_THRESHOLD_SWEEP,not_selected,30,0.2,0.48057142857142854,validation_fine_grid,2,4,156.6
11,0.7333333333333333,FD003,15,0.4705882352941177,2,0.3333333333333333,7,0.7777777777777778,1.0,0.0,,,0.34393939393939393,0.36363636363636365,0.6666666666666666,0.3333333333333333,VALIDATION_THRESHOLD_SWEEP,not_selected,30,0.2,0.4837142857142857,validation_fine_grid,2,4,156.6
11,0.7333333333333333,FD003,15,0.4705882352941177,2,0.3333333333333333,7,0.7777777777777778,1.0,0.0,,,0.34393939393939393,0.36363636363636365,0.6666666666666666,0.3333333333333333,VALIDATION_THRESHOLD_SWEEP,not_selected,30,0.2,0.4857142857142857,validation_observed_score,2,4,156.6
10,0.6666666666666666,FD003,15,0.37499999999999994,3,0.5,7,0.7777777777777778,1.0,0.0,,,0.34393939393939393,0.3,0.5,0.3333333333333333,VALIDATION_THRESHOLD_SWEEP,not_selected,30,0.2,0.4868571428571429,validation_fine_grid,2,3,156.6
10,0.6666666666666666,FD003,15,0.37499999999999994,3,0.5,7,0.7777777777777778,1.0,0.0,,,0.34393939393939393,0.3,0.5,0.3333333333333333,VALIDATION_THRESHOLD_SWEEP,not_selected,30,0.2,0.4885714285714286,validation_alert_rate_70pct,2,3,156.6
10,0.6666666666666666,FD003,15,0.37499999999999994,3,0.5,7,0.7777777777777778,1.0,0.0,,,0.34393939393939393,0.3,0.5,0.3333333333333333,VALIDATION_THRESHOLD_SWEEP,not_selected,30,0.2,0.49,validation_fine_grid,2,3,156.6
10,0.6666666666666666,FD003,15,0.37499999999999994,3,0.5,7,0.7777777777777778,1.0,0.0,,,0.34393939393939393,0.3,0.5,0.3333333333333333,VALIDATION_THRESHOLD_SWEEP,not_selected,30,0.2,0.4931428571428571,validation_fine_grid,2,3,156.6
10,0.6666666666666666,FD003,15,0.37499999999999994,3,0.5,7,0.7777777777777778,1.0,0.0,,,0.34393939393939393,0.3,0.5,0.3333333333333333,VALIDATION_THRESHOLD_SWEEP,not_selected,30,0.2,0.4962857142857143,validation_fine_grid,2,3,156.6
10,0.6666666666666666,FD003,15,0.37499999999999994,3,0.5,7,0.7777777777777778,1.0,0.0,,,0.34393939393939393,0.3,0.5,0.3333333333333333,VALIDATION_THRESHOLD_SWEEP,not_selected,30,0.2,0.49857142857142855,validation_alert_rate_65pct,2,3,156.6
10,0.6666666666666666,FD003,15,0.37499999999999994,3,0.5,7,0.7777777777777778,1.0,0.0,,,0.34393939393939393,0.3,0.5,0.3333333333333333,VALIDATION_THRESHOLD_SWEEP,not_selected,30,0.2,0.49942857142857144,validation_fine_grid,2,3,156.6
10,0.6666666666666666,FD003,15,0.37499999999999994,3,0.5,7,0.7777777777777778,1.0,0.0,,,0.34393939393939393,0.3,0.5,0.3333333333333333,VALIDATION_THRESHOLD_SWEEP,not_selected,30,0.2,0.5,validation_observed_score,2,3,156.6
9,0.6,FD003,15,0.26666666666666666,4,0.6666666666666666,7,0.7777777777777778,1.0,0.0,,,0.34393939393939393,0.2222222222222222,0.3333333333333333,0.3333333333333333,VALIDATION_THRESHOLD_SWEEP,not_selected,30,0.2,0.5025714285714286,validation_fine_grid,2,2,156.6
9,0.6,FD003,15,0.26666666666666666,4,0.6666666666666666,7,0.7777777777777778,1.0,0.0,,,0.34393939393939393,0.2222222222222222,0.3333333333333333,0.3333333333333333,VALIDATION_THRESHOLD_SWEEP,not_selected,30,0.2,0.5057142857142857,validation_fine_grid,2,2,156.6
9,0.6,FD003,15,0.26666666666666666,4,0.6666666666666666,7,0.7777777777777778,1.0,0.0,,,0.34393939393939393,0.2222222222222222,0.3333333333333333,0.3333333333333333,VALIDATION_THRESHOLD_SWEEP,not_selected,30,0.2,0.5088571428571429,validation_fine_grid,2,2,156.6
9,0.6,FD003,15,0.26666666666666666,4,0.6666666666666666,7,0.7777777777777778,1.0,0.0,,,0.34393939393939393,0.2222222222222222,0.3333333333333333,0.3333333333333333,VALIDATION_THRESHOLD_SWEEP,not_selected,30,0.2,0.512,validation_fine_grid,2,2,156.6
9,0.6,FD003,15,0.26666666666666666,4,0.6666666666666666,7,0.7777777777777778,1.0,0.0,,,0.34393939393939393,0.2222222222222222,0.3333333333333333,0.3333333333333333,VALIDATION_THRESHOLD_SWEEP,not_selected,30,0.2,0.5151428571428571,validation_fine_grid,2,2,156.6
9,0.6,FD003,15,0.26666666666666666,4,0.6666666666666666,7,0.7777777777777778,1.0,0.0,,,0.34393939393939393,0.2222222222222222,0.3333333333333333,0.3333333333333333,VALIDATION_THRESHOLD_SWEEP,not_selected,30,0.2,0.5182857142857142,validation_fine_grid,2,2,156.6
9,0.6,FD003,15,0.26666666666666666,4,0.6666666666666666,7,0.7777777777777778,1.0,0.0,,,0.34393939393939393,0.2222222222222222,0.3333333333333333,0.3333333333333333,VALIDATION_THRESHOLD_SWEEP,not_selected,30,0.2,0.5214285714285715,validation_fine_grid,2,2,156.6
9,0.6,FD003,15,0.26666666666666666,4,0.6666666666666666,7,0.7777777777777778,1.0,0.0,,,0.34393939393939393,0.2222222222222222,0.3333333333333333,0.3333333333333333,VALIDATION_THRESHOLD_SWEEP,not_selected,30,0.2,0.5245714285714286,validation_fine_grid,2,2,156.6
9,0.6,FD003,15,0.26666666666666666,4,0.6666666666666666,7,0.7777777777777778,1.0,0.0,,,0.34393939393939393,0.2222222222222222,0.3333333333333333,0.3333333333333333,VALIDATION_THRESHOLD_SWEEP,not_selected,30,0.2,0.5277142857142857,validation_fine_grid,2,2,156.6
9,0.6,FD003,15,0.26666666666666666,4,0.6666666666666666,7,0.7777777777777778,1.0,0.0,,,0.34393939393939393,0.2222222222222222,0.3333333333333333,0.3333333333333333,VALIDATION_THRESHOLD_SWEEP,not_selected,30,0.2,0.5308571428571429,validation_fine_grid,2,2,156.6
9,0.6,FD003,15,0.26666666666666666,4,0.6666666666666666,7,0.7777777777777778,1.0,0.0,,,0.34393939393939393,0.2222222222222222,0.3333333333333333,0.3333333333333333,VALIDATION_THRESHOLD_SWEEP,not_selected,30,0.2,0.534,validation_fine_grid,2,2,156.6
9,0.6,FD003,15,0.26666666666666666,4,0.6666666666666666,7,0.7777777777777778,1.0,0.0,,,0.34393939393939393,0.2222222222222222,0.3333333333333333,0.3333333333333333,VALIDATION_THRESHOLD_SWEEP,not_selected,30,0.2,0.5371428571428571,validation_fine_grid,2,2,156.6
9,0.6,FD003,15,0.26666666666666666,4,0.6666666666666666,7,0.7777777777777778,1.0,0.0,,,0.34393939393939393,0.2222222222222222,0.3333333333333333,0.3333333333333333,VALIDATION_THRESHOLD_SWEEP,not_selected,30,0.2,0.5402857142857143,validation_fine_grid,2,2,156.6
9,0.6,FD003,15,0.26666666666666666,4,0.6666666666666666,7,0.7777777777777778,1.0,0.0,,,0.34393939393939393,0.2222222222222222,0.3333333333333333,0.3333333333333333,VALIDATION_THRESHOLD_SWEEP,not_selected,30,0.2,0.5434285714285714,validation_fine_grid,2,2,156.6
9,0.6,FD003,15,0.26666666666666666,4,0.6666666666666666,7,0.7777777777777778,1.0,0.0,,,0.34393939393939393,0.2222222222222222,0.3333333333333333,0.3333333333333333,VALIDATION_THRESHOLD_SWEEP,not_selected,30,0.2,0.5465714285714285,validation_fine_grid,2,2,156.6
9,0.6,FD003,15,0.26666666666666666,4,0.6666666666666666,7,0.7777777777777778,1.0,0.0,,,0.34393939393939393,0.2222222222222222,0.3333333333333333,0.3333333333333333,VALIDATION_THRESHOLD_SWEEP,not_selected,30,0.2,0.5497142857142857,validation_fine_grid,2,2,156.6
9,0.6,FD003,15,0.26666666666666666,4,0.6666666666666666,7,0.7777777777777778,1.0,0.0,,,0.34393939393939393,0.2222222222222222,0.3333333333333333,0.3333333333333333,VALIDATION_THRESHOLD_SWEEP,not_selected,30,0.2,0.5528571428571428,validation_fine_grid,2,2,156.6
9,0.6,FD003,15,0.26666666666666666,4,0.6666666666666666,7,0.7777777777777778,1.0,0.0,,,0.34393939393939393,0.2222222222222222,0.3333333333333333,0.3333333333333333,VALIDATION_THRESHOLD_SWEEP,not_selected,30,0.2,0.556,validation_fine_grid,2,2,156.6
9,0.6,FD003,15,0.26666666666666666,4,0.6666666666666666,7,0.7777777777777778,1.0,0.0,,,0.34393939393939393,0.2222222222222222,0.3333333333333333,0.3333333333333333,VALIDATION_THRESHOLD_SWEEP,not_selected,30,0.2,0.5591428571428572,validation_fine_grid,2,2,156.6
9,0.6,FD003,15,0.26666666666666666,4,0.6666666666666666,7,0.7777777777777778,1.0,0.0,,,0.34393939393939393,0.2222222222222222,0.3333333333333333,0.3333333333333333,VALIDATION_THRESHOLD_SWEEP,not_selected,30,0.2,0.5622857142857143,validation_fine_grid,2,2,156.6
9,0.6,FD003,15,0.26666666666666666,4,0.6666666666666666,7,0.7777777777777778,1.0,0.0,,,0.34393939393939393,0.2222222222222222,0.3333333333333333,0.3333333333333333,VALIDATION_THRESHOLD_SWEEP,not_selected,30,0.2,0.5654285714285714,validation_fine_grid,2,2,156.6
9,0.6,FD003,15,0.26666666666666666,4,0.6666666666666666,7,0.7777777777777778,1.0,0.0,,,0.34393939393939393,0.2222222222222222,0.3333333333333333,0.3333333333333333,VALIDATION_THRESHOLD_SWEEP,not_selected,30,0.2,0.5685714285714285,validation_fine_grid,2,2,156.6
9,0.6,FD003,15,0.26666666666666666,4,0.6666666666666666,7,0.7777777777777778,1.0,0.0,,,0.34393939393939393,0.2222222222222222,0.3333333333333333,0.3333333333333333,VALIDATION_THRESHOLD_SWEEP,not_selected,30,0.2,0.5685714285714286,validation_alert_rate_60pct,2,2,156.6
9,0.6,FD003,15,0.26666666666666666,4,0.6666666666666666,7,0.7777777777777778,1.0,0.0,,,0.34393939393939393,0.2222222222222222,0.3333333333333333,0.3333333333333333,VALIDATION_THRESHOLD_SWEEP,not_selected,30,0.2,0.5717142857142857,validation_fine_grid,2,2,156.6
9,0.6,FD003,15,0.26666666666666666,4,0.6666666666666666,7,0.7777777777777778,1.0,0.0,,,0.34393939393939393,0.2222222222222222,0.3333333333333333,0.3333333333333333,VALIDATION_THRESHOLD_SWEEP,not_selected,30,0.2,0.5748571428571428,validation_fine_grid,2,2,156.6
9,0.6,FD003,15,0.26666666666666666,4,0.6666666666666666,7,0.7777777777777778,1.0,0.0,,,0.34393939393939393,0.2222222222222222,0.3333333333333333,0.3333333333333333,VALIDATION_THRESHOLD_SWEEP,not_selected,30,0.2,0.5780000000000001,validation_fine_grid,2,2,156.6
9,0.6,FD003,15,0.26666666666666666,4,0.6666666666666666,7,0.7777777777777778,1.0,0.0,,,0.34393939393939393,0.2222222222222222,0.3333333333333333,0.3333333333333333,VALIDATION_THRESHOLD_SWEEP,not_selected,30,0.2,0.5811428571428572,validation_fine_grid,2,2,156.6
9,0.6,FD003,15,0.26666666666666666,4,0.6666666666666666,7,0.7777777777777778,1.0,0.0,,,0.34393939393939393,0.2222222222222222,0.3333333333333333,0.3333333333333333,VALIDATION_THRESHOLD_SWEEP,not_selected,30,0.2,0.5842857142857143,validation_fine_grid,2,2,156.6
9,0.6,FD003,15,0.26666666666666666,4,0.6666666666666666,7,0.7777777777777778,1.0,0.0,,,0.34393939393939393,0.2222222222222222,0.3333333333333333,0.3333333333333333,VALIDATION_THRESHOLD_SWEEP,not_selected,30,0.2,0.5874285714285714,validation_fine_grid,2,2,156.6
9,0.6,FD003,15,0.26666666666666666,4,0.6666666666666666,7,0.7777777777777778,1.0,0.0,,,0.34393939393939393,0.2222222222222222,0.3333333333333333,0.3333333333333333,VALIDATION_THRESHOLD_SWEEP,not_selected,30,0.2,0.5905714285714285,validation_fine_grid,2,2,156.6
9,0.6,FD003,15,0.26666666666666666,4,0.6666666666666666,7,0.7777777777777778,1.0,0.0,,,0.34393939393939393,0.2222222222222222,0.3333333333333333,0.3333333333333333,VALIDATION_THRESHOLD_SWEEP,not_selected,30,0.2,0.5937142857142856,validation_fine_grid,2,2,156.6
9,0.6,FD003,15,0.26666666666666666,4,0.6666666666666666,7,0.7777777777777778,1.0,0.0,,,0.34393939393939393,0.2222222222222222,0.3333333333333333,0.3333333333333333,VALIDATION_THRESHOLD_SWEEP,not_selected,30,0.2,0.5968571428571429,validation_fine_grid,2,2,156.6
9,0.6,FD003,15,0.26666666666666666,4,0.6666666666666666,7,0.7777777777777778,1.0,0.0,,,0.34393939393939393,0.2222222222222222,0.3333333333333333,0.3333333333333333,VALIDATION_THRESHOLD_SWEEP,not_selected,30,0.2,0.6,validation_fine_grid,2,2,156.6
9,0.6,FD003,15,0.26666666666666666,4,0.6666666666666666,7,0.7777777777777778,1.0,0.0,,,0.34393939393939393,0.2222222222222222,0.3333333333333333,0.3333333333333333,VALIDATION_THRESHOLD_SWEEP,not_selected,30,0.2,0.6031428571428572,validation_fine_grid,2,2,156.6
9,0.6,FD003,15,0.26666666666666666,4,0.6666666666666666,7,0.7777777777777778,1.0,0.0,,,0.34393939393939393,0.2222222222222222,0.3333333333333333,0.3333333333333333,VALIDATION_THRESHOLD_SWEEP,not_selected,30,0.2,0.6062857142857143,validation_fine_grid,2,2,156.6
9,0.6,FD003,15,0.26666666666666666,4,0.6666666666666666,7,0.7777777777777778,1.0,0.0,,,0.34393939393939393,0.2222222222222222,0.3333333333333333,0.3333333333333333,VALIDATION_THRESHOLD_SWEEP,not_selected,30,0.2,0.6094285714285714,validation_fine_grid,2,2,156.6
9,0.6,FD003,15,0.26666666666666666,4,0.6666666666666666,7,0.7777777777777778,1.0,0.0,,,0.34393939393939393,0.2222222222222222,0.3333333333333333,0.3333333333333333,VALIDATION_THRESHOLD_SWEEP,not_selected,30,0.2,0.6125714285714285,validation_fine_grid,2,2,156.6
9,0.6,FD003,15,0.26666666666666666,4,0.6666666666666666,7,0.7777777777777778,1.0,0.0,,,0.34393939393939393,0.2222222222222222,0.3333333333333333,0.3333333333333333,VALIDATION_THRESHOLD_SWEEP,not_selected,30,0.2,0.6142857142857143,validation_observed_score,2,2,156.6
8,0.5333333333333333,FD003,15,0.28571428571428575,4,0.6666666666666666,6,0.6666666666666666,1.0,0.0,,,0.34393939393939393,0.25,0.3333333333333333,0.3333333333333333,VALIDATION_THRESHOLD_SWEEP,not_selected,30,0.2,0.6157142857142857,validation_fine_grid,3,2,156.6
8,0.5333333333333333,FD003,15,0.28571428571428575,4,0.6666666666666666,6,0.6666666666666666,1.0,0.0,,,0.34393939393939393,0.25,0.3333333333333333,0.3333333333333333,VALIDATION_THRESHOLD_SWEEP,not_selected,30,0.2,0.6188571428571428,validation_fine_grid,3,2,156.6
8,0.5333333333333333,FD003,15,0.28571428571428575,4,0.6666666666666666,6,0.6666666666666666,1.0,0.0,,,0.34393939393939393,0.25,0.3333333333333333,0.3333333333333333,VALIDATION_THRESHOLD_SWEEP,not_selected,30,0.2,0.622,validation_fine_grid,3,2,156.6
8,0.5333333333333333,FD003,15,0.28571428571428575,4,0.6666666666666666,6,0.6666666666666666,1.0,0.0,,,0.34393939393939393,0.25,0.3333333333333333,0.3333333333333333,VALIDATION_THRESHOLD_SWEEP,not_selected,30,0.2,0.6228571428571429,validation_alert_rate_55pct,3,2,156.6
8,0.5333333333333333,FD003,15,0.28571428571428575,4,0.6666666666666666,6,0.6666666666666666,1.0,0.0,,,0.34393939393939393,0.25,0.3333333333333333,0.3333333333333333,VALIDATION_THRESHOLD_SWEEP,not_selected,30,0.2,0.6251428571428572,validation_fine_grid,3,2,156.6
8,0.5333333333333333,FD003,15,0.28571428571428575,4,0.6666666666666666,6,0.6666666666666666,1.0,0.0,,,0.34393939393939393,0.25,0.3333333333333333,0.3333333333333333,VALIDATION_THRESHOLD_SWEEP,not_selected,30,0.2,0.6282857142857143,validation_fine_grid,3,2,156.6
8,0.5333333333333333,FD003,15,0.28571428571428575,4,0.6666666666666666,6,0.6666666666666666,1.0,0.0,,,0.34393939393939393,0.25,0.3333333333333333,0.3333333333333333,VALIDATION_THRESHOLD_SWEEP,not_selected,30,0.2,0.6314285714285715,validation_fine_grid,3,2,156.6
8,0.5333333333333333,FD003,15,0.28571428571428575,4,0.6666666666666666,6,0.6666666666666666,1.0,0.0,,,0.34393939393939393,0.25,0.3333333333333333,0.3333333333333333,VALIDATION_THRESHOLD_SWEEP,not_selected,30,0.2,0.6345714285714286,validation_fine_grid,3,2,156.6
8,0.5333333333333333,FD003,15,0.28571428571428575,4,0.6666666666666666,6,0.6666666666666666,1.0,0.0,,,0.34393939393939393,0.25,0.3333333333333333,0.3333333333333333,VALIDATION_THRESHOLD_SWEEP,not_selected,30,0.2,0.6377142857142857,validation_fine_grid,3,2,156.6
8,0.5333333333333333,FD003,15,0.28571428571428575,4,0.6666666666666666,6,0.6666666666666666,1.0,0.0,,,0.34393939393939393,0.25,0.3333333333333333,0.3333333333333333,VALIDATION_THRESHOLD_SWEEP,not_selected,30,0.2,0.6408571428571428,validation_fine_grid,3,2,156.6
8,0.5333333333333333,FD003,15,0.28571428571428575,4,0.6666666666666666,6,0.6666666666666666,1.0,0.0,,,0.34393939393939393,0.25,0.3333333333333333,0.3333333333333333,VALIDATION_THRESHOLD_SWEEP,not_selected,30,0.2,0.6428571428571429,validation_alert_rate_50pct+validation_observed_score,3,2,156.6
7,0.4666666666666667,FD003,15,0.30769230769230765,4,0.6666666666666666,5,0.5555555555555556,1.0,0.0,,,0.34393939393939393,0.2857142857142857,0.3333333333333333,0.3333333333333333,VALIDATION_THRESHOLD_SWEEP,not_selected,30,0.2,0.644,validation_fine_grid,4,2,156.6
7,0.4666666666666667,FD003,15,0.30769230769230765,4,0.6666666666666666,5,0.5555555555555556,1.0,0.0,,,0.34393939393939393,0.2857142857142857,0.3333333333333333,0.3333333333333333,VALIDATION_THRESHOLD_SWEEP,not_selected,30,0.2,0.6471428571428571,validation_fine_grid,4,2,156.6
7,0.4666666666666667,FD003,15,0.30769230769230765,4,0.6666666666666666,5,0.5555555555555556,1.0,0.0,,,0.34393939393939393,0.2857142857142857,0.3333333333333333,0.3333333333333333,VALIDATION_THRESHOLD_SWEEP,not_selected,30,0.2,0.6502857142857144,validation_fine_grid,4,2,156.6
7,0.4666666666666667,FD003,15,0.30769230769230765,4,0.6666666666666666,5,0.5555555555555556,1.0,0.0,,,0.34393939393939393,0.2857142857142857,0.3333333333333333,0.3333333333333333,VALIDATION_THRESHOLD_SWEEP,not_selected,30,0.2,0.6534285714285715,validation_fine_grid,4,2,156.6
7,0.4666666666666667,FD003,15,0.30769230769230765,4,0.6666666666666666,5,0.5555555555555556,1.0,0.0,,,0.34393939393939393,0.2857142857142857,0.3333333333333333,0.3333333333333333,VALIDATION_THRESHOLD_SWEEP,not_selected,30,0.2,0.6565714285714286,validation_fine_grid,4,2,156.6
7,0.4666666666666667,FD003,15,0.30769230769230765,4,0.6666666666666666,5,0.5555555555555556,1.0,0.0,,,0.34393939393939393,0.2857142857142857,0.3333333333333333,0.3333333333333333,VALIDATION_THRESHOLD_SWEEP,not_selected,30,0.2,0.6597142857142857,validation_fine_grid,4,2,156.6
7,0.4666666666666667,FD003,15,0.30769230769230765,4,0.6666666666666666,5,0.5555555555555556,1.0,0.0,,,0.34393939393939393,0.2857142857142857,0.3333333333333333,0.3333333333333333,VALIDATION_THRESHOLD_SWEEP,not_selected,30,0.2,0.6628571428571428,validation_fine_grid,4,2,156.6
7,0.4666666666666667,FD003,15,0.30769230769230765,4,0.6666666666666666,5,0.5555555555555556,1.0,0.0,,,0.34393939393939393,0.2857142857142857,0.3333333333333333,0.3333333333333333,VALIDATION_THRESHOLD_SWEEP,not_selected,30,0.2,0.6659999999999999,validation_fine_grid,4,2,156.6
7,0.4666666666666667,FD003,15,0.30769230769230765,4,0.6666666666666666,5,0.5555555555555556,1.0,0.0,,,0.34393939393939393,0.2857142857142857,0.3333333333333333,0.3333333333333333,VALIDATION_THRESHOLD_SWEEP,not_selected,30,0.2,0.6691428571428572,validation_fine_grid,4,2,156.6
7,0.4666666666666667,FD003,15,0.30769230769230765,4,0.6666666666666666,5,0.5555555555555556,1.0,0.0,,,0.34393939393939393,0.2857142857142857,0.3333333333333333,0.3333333333333333,VALIDATION_THRESHOLD_SWEEP,not_selected,30,0.2,0.6722857142857143,validation_fine_grid,4,2,156.6
7,0.4666666666666667,FD003,15,0.30769230769230765,4,0.6666666666666666,5,0.5555555555555556,1.0,0.0,,,0.34393939393939393,0.2857142857142857,0.3333333333333333,0.3333333333333333,VALIDATION_THRESHOLD_SWEEP,not_selected,30,0.2,0.6754285714285715,validation_fine_grid,4,2,156.6
7,0.4666666666666667,FD003,15,0.30769230769230765,4,0.6666666666666666,5,0.5555555555555556,1.0,0.0,,,0.34393939393939393,0.2857142857142857,0.3333333333333333,0.3333333333333333,VALIDATION_THRESHOLD_SWEEP,not_selected,30,0.2,0.6785714285714286,validation_fine_grid,4,2,156.6
7,0.4666666666666667,FD003,15,0.30769230769230765,4,0.6666666666666666,5,0.5555555555555556,1.0,0.0,,,0.34393939393939393,0.2857142857142857,0.3333333333333333,0.3333333333333333,VALIDATION_THRESHOLD_SWEEP,not_selected,30,0.2,0.6817142857142857,validation_fine_grid,4,2,156.6
7,0.4666666666666667,FD003,15,0.30769230769230765,4,0.6666666666666666,5,0.5555555555555556,1.0,0.0,,,0.34393939393939393,0.2857142857142857,0.3333333333333333,0.3333333333333333,VALIDATION_THRESHOLD_SWEEP,not_selected,30,0.2,0.6828571428571429,validation_alert_rate_45pct,4,2,156.6
7,0.4666666666666667,FD003,15,0.30769230769230765,4,0.6666666666666666,5,0.5555555555555556,1.0,0.0,,,0.34393939393939393,0.2857142857142857,0.3333333333333333,0.3333333333333333,VALIDATION_THRESHOLD_SWEEP,not_selected,30,0.2,0.6848571428571428,validation_fine_grid,4,2,156.6
7,0.4666666666666667,FD003,15,0.30769230769230765,4,0.6666666666666666,5,0.5555555555555556,1.0,0.0,,,0.34393939393939393,0.2857142857142857,0.3333333333333333,0.3333333333333333,VALIDATION_THRESHOLD_SWEEP,not_selected,30,0.2,0.688,validation_fine_grid,4,2,156.6
7,0.4666666666666667,FD003,15,0.30769230769230765,4,0.6666666666666666,5,0.5555555555555556,1.0,0.0,,,0.34393939393939393,0.2857142857142857,0.3333333333333333,0.3333333333333333,VALIDATION_THRESHOLD_SWEEP,not_selected,30,0.2,0.6911428571428572,validation_fine_grid,4,2,156.6
7,0.4666666666666667,FD003,15,0.30769230769230765,4,0.6666666666666666,5,0.5555555555555556,1.0,0.0,,,0.34393939393939393,0.2857142857142857,0.3333333333333333,0.3333333333333333,VALIDATION_THRESHOLD_SWEEP,not_selected,30,0.2,0.6942857142857143,validation_fine_grid,4,2,156.6
7,0.4666666666666667,FD003,15,0.30769230769230765,4,0.6666666666666666,5,0.5555555555555556,1.0,0.0,,,0.34393939393939393,0.2857142857142857,0.3333333333333333,0.3333333333333333,VALIDATION_THRESHOLD_SWEEP,not_selected,30,0.2,0.6974285714285715,validation_fine_grid,4,2,156.6
7,0.4666666666666667,FD003,15,0.30769230769230765,4,0.6666666666666666,5,0.5555555555555556,1.0,0.0,,,0.34393939393939393,0.2857142857142857,0.3333333333333333,0.3333333333333333,VALIDATION_THRESHOLD_SWEEP,not_selected,30,0.2,0.7,validation_observed_score,4,2,156.6
6,0.4,FD003,15,0.3333333333333333,4,0.6666666666666666,4,0.4444444444444444,1.0,0.0,,,0.34393939393939393,0.3333333333333333,0.3333333333333333,0.3333333333333333,VALIDATION_THRESHOLD_SWEEP,not_selected,30,0.2,0.7005714285714286,validation_fine_grid,5,2,156.6
6,0.4,FD003,15,0.3333333333333333,4,0.6666666666666666,4,0.4444444444444444,1.0,0.0,,,0.34393939393939393,0.3333333333333333,0.3333333333333333,0.3333333333333333,VALIDATION_THRESHOLD_SWEEP,not_selected,30,0.2,0.7037142857142857,validation_fine_grid,5,2,156.6
6,0.4,FD003,15,0.3333333333333333,4,0.6666666666666666,4,0.4444444444444444,1.0,0.0,,,0.34393939393939393,0.3333333333333333,0.3333333333333333,0.3333333333333333,VALIDATION_THRESHOLD_SWEEP,not_selected,30,0.2,0.7068571428571429,validation_fine_grid,5,2,156.6
6,0.4,FD003,15,0.3333333333333333,4,0.6666666666666666,4,0.4444444444444444,1.0,0.0,,,0.34393939393939393,0.3333333333333333,0.3333333333333333,0.3333333333333333,VALIDATION_THRESHOLD_SWEEP,not_selected,30,0.2,0.71,validation_fine_grid,5,2,156.6
6,0.4,FD003,15,0.3333333333333333,4,0.6666666666666666,4,0.4444444444444444,1.0,0.0,,,0.34393939393939393,0.3333333333333333,0.3333333333333333,0.3333333333333333,VALIDATION_THRESHOLD_SWEEP,not_selected,30,0.2,0.7131428571428571,validation_fine_grid,5,2,156.6
6,0.4,FD003,15,0.3333333333333333,4,0.6666666666666666,4,0.4444444444444444,1.0,0.0,,,0.34393939393939393,0.3333333333333333,0.3333333333333333,0.3333333333333333,VALIDATION_THRESHOLD_SWEEP,not_selected,30,0.2,0.7162857142857143,validation_fine_grid,5,2,156.6
6,0.4,FD003,15,0.3333333333333333,4,0.6666666666666666,4,0.4444444444444444,1.0,0.0,,,0.34393939393939393,0.3333333333333333,0.3333333333333333,0.3333333333333333,VALIDATION_THRESHOLD_SWEEP,not_selected,30,0.2,0.7194285714285714,validation_fine_grid,5,2,156.6
6,0.4,FD003,15,0.3333333333333333,4,0.6666666666666666,4,0.4444444444444444,1.0,0.0,,,0.34393939393939393,0.3333333333333333,0.3333333333333333,0.3333333333333333,VALIDATION_THRESHOLD_SWEEP,not_selected,30,0.2,0.7225714285714286,validation_fine_grid,5,2,156.6
6,0.4,FD003,15,0.3333333333333333,4,0.6666666666666666,4,0.4444444444444444,1.0,0.0,,,0.34393939393939393,0.3333333333333333,0.3333333333333333,0.3333333333333333,VALIDATION_THRESHOLD_SWEEP,not_selected,30,0.2,0.7257142857142858,validation_fine_grid,5,2,156.6
6,0.4,FD003,15,0.3333333333333333,4,0.6666666666666666,4,0.4444444444444444,1.0,0.0,,,0.34393939393939393,0.3333333333333333,0.3333333333333333,0.3333333333333333,VALIDATION_THRESHOLD_SWEEP,not_selected,30,0.2,0.7285714285714285,validation_alert_rate_40pct,5,2,156.6
6,0.4,FD003,15,0.3333333333333333,4,0.6666666666666666,4,0.4444444444444444,1.0,0.0,,,0.34393939393939393,0.3333333333333333,0.3333333333333333,0.3333333333333333,VALIDATION_THRESHOLD_SWEEP,not_selected,30,0.2,0.7288571428571429,validation_fine_grid,5,2,156.6
6,0.4,FD003,15,0.3333333333333333,4,0.6666666666666666,4,0.4444444444444444,1.0,0.0,,,0.34393939393939393,0.3333333333333333,0.3333333333333333,0.3333333333333333,VALIDATION_THRESHOLD_SWEEP,not_selected,30,0.2,0.732,validation_fine_grid,5,2,156.6
6,0.4,FD003,15,0.3333333333333333,4,0.6666666666666666,4,0.4444444444444444,1.0,0.0,,,0.34393939393939393,0.3333333333333333,0.3333333333333333,0.3333333333333333,VALIDATION_THRESHOLD_SWEEP,not_selected,30,0.2,0.7351428571428571,validation_fine_grid,5,2,156.6
6,0.4,FD003,15,0.3333333333333333,4,0.6666666666666666,4,0.4444444444444444,1.0,0.0,,,0.34393939393939393,0.3333333333333333,0.3333333333333333,0.3333333333333333,VALIDATION_THRESHOLD_SWEEP,not_selected,30,0.2,0.7382857142857142,validation_fine_grid,5,2,156.6
6,0.4,FD003,15,0.3333333333333333,4,0.6666666666666666,4,0.4444444444444444,1.0,0.0,,,0.34393939393939393,0.3333333333333333,0.3333333333333333,0.3333333333333333,VALIDATION_THRESHOLD_SWEEP,not_selected,30,0.2,0.7414285714285714,validation_fine_grid,5,2,156.6
6,0.4,FD003,15,0.3333333333333333,4,0.6666666666666666,4,0.4444444444444444,1.0,0.0,,,0.34393939393939393,0.3333333333333333,0.3333333333333333,0.3333333333333333,VALIDATION_THRESHOLD_SWEEP,not_selected,30,0.2,0.7445714285714286,validation_fine_grid,5,2,156.6
6,0.4,FD003,15,0.3333333333333333,4,0.6666666666666666,4,0.4444444444444444,1.0,0.0,,,0.34393939393939393,0.3333333333333333,0.3333333333333333,0.3333333333333333,VALIDATION_THRESHOLD_SWEEP,not_selected,30,0.2,0.7477142857142858,validation_fine_grid,5,2,156.6
6,0.4,FD003,15,0.3333333333333333,4,0.6666666666666666,4,0.4444444444444444,1.0,0.0,,,0.34393939393939393,0.3333333333333333,0.3333333333333333,0.3333333333333333,VALIDATION_THRESHOLD_SWEEP,not_selected,30,0.2,0.7508571428571429,validation_fine_grid,5,2,156.6
6,0.4,FD003,15,0.3333333333333333,4,0.6666666666666666,4,0.4444444444444444,1.0,0.0,,,0.34393939393939393,0.3333333333333333,0.3333333333333333,0.3333333333333333,VALIDATION_THRESHOLD_SWEEP,not_selected,30,0.2,0.754,validation_fine_grid,5,2,156.6
6,0.4,FD003,15,0.3333333333333333,4,0.6666666666666666,4,0.4444444444444444,1.0,0.0,,,0.34393939393939393,0.3333333333333333,0.3333333333333333,0.3333333333333333,VALIDATION_THRESHOLD_SWEEP,not_selected,30,0.2,0.7571428571428571,validation_fine_grid,5,2,156.6
6,0.4,FD003,15,0.3333333333333333,4,0.6666666666666666,4,0.4444444444444444,1.0,0.0,,,0.34393939393939393,0.3333333333333333,0.3333333333333333,0.3333333333333333,VALIDATION_THRESHOLD_SWEEP,not_selected,30,0.2,0.7602857142857142,validation_fine_grid,5,2,156.6
6,0.4,FD003,15,0.3333333333333333,4,0.6666666666666666,4,0.4444444444444444,1.0,0.0,,,0.34393939393939393,0.3333333333333333,0.3333333333333333,0.3333333333333333,VALIDATION_THRESHOLD_SWEEP,not_selected,30,0.2,0.7634285714285715,validation_fine_grid,5,2,156.6
6,0.4,FD003,15,0.3333333333333333,4,0.6666666666666666,4,0.4444444444444444,1.0,0.0,,,0.34393939393939393,0.3333333333333333,0.3333333333333333,0.3333333333333333,VALIDATION_THRESHOLD_SWEEP,not_selected,30,0.2,0.7665714285714286,validation_fine_grid,5,2,156.6
6,0.4,FD003,15,0.3333333333333333,4,0.6666666666666666,4,0.4444444444444444,1.0,0.0,,,0.34393939393939393,0.3333333333333333,0.3333333333333333,0.3333333333333333,VALIDATION_THRESHOLD_SWEEP,not_selected,30,0.2,0.7697142857142858,validation_fine_grid,5,2,156.6
6,0.4,FD003,15,0.3333333333333333,4,0.6666666666666666,4,0.4444444444444444,1.0,0.0,,,0.34393939393939393,0.3333333333333333,0.3333333333333333,0.3333333333333333,VALIDATION_THRESHOLD_SWEEP,not_selected,30,0.2,0.7714285714285715,validation_alert_rate_30pct+validation_alert_rate_35pct+validation_observed_score,5,2,156.6
4,0.26666666666666666,FD003,15,0.2,5,0.8333333333333334,3,0.3333333333333333,1.0,0.0,,,0.34393939393939393,0.25,0.16666666666666666,0.3333333333333333,VALIDATION_THRESHOLD_SWEEP,not_selected,30,0.2,0.7728571428571429,validation_fine_grid,6,1,156.6
4,0.26666666666666666,FD003,15,0.2,5,0.8333333333333334,3,0.3333333333333333,1.0,0.0,,,0.34393939393939393,0.25,0.16666666666666666,0.3333333333333333,VALIDATION_THRESHOLD_SWEEP,not_selected,30,0.2,0.776,validation_fine_grid,6,1,156.6
4,0.26666666666666666,FD003,15,0.2,5,0.8333333333333334,3,0.3333333333333333,1.0,0.0,,,0.34393939393939393,0.25,0.16666666666666666,0.3333333333333333,VALIDATION_THRESHOLD_SWEEP,not_selected,30,0.2,0.7791428571428571,validation_fine_grid,6,1,156.6
4,0.26666666666666666,FD003,15,0.2,5,0.8333333333333334,3,0.3333333333333333,1.0,0.0,,,0.34393939393939393,0.25,0.16666666666666666,0.3333333333333333,VALIDATION_THRESHOLD_SWEEP,not_selected,30,0.2,0.7822857142857143,validation_fine_grid,6,1,156.6
4,0.26666666666666666,FD003,15,0.2,5,0.8333333333333334,3,0.3333333333333333,1.0,0.0,,,0.34393939393939393,0.25,0.16666666666666666,0.3333333333333333,VALIDATION_THRESHOLD_SWEEP,not_selected,30,0.2,0.7854285714285714,validation_fine_grid,6,1,156.6
4,0.26666666666666666,FD003,15,0.2,5,0.8333333333333334,3,0.3333333333333333,1.0,0.0,,,0.34393939393939393,0.25,0.16666666666666666,0.3333333333333333,VALIDATION_THRESHOLD_SWEEP,not_selected,30,0.2,0.7885714285714286,validation_fine_grid,6,1,156.6
4,0.26666666666666666,FD003,15,0.2,5,0.8333333333333334,3,0.3333333333333333,1.0,0.0,,,0.34393939393939393,0.25,0.16666666666666666,0.3333333333333333,VALIDATION_THRESHOLD_SWEEP,not_selected,30,0.2,0.7917142857142857,validation_fine_grid,6,1,156.6
4,0.26666666666666666,FD003,15,0.2,5,0.8333333333333334,3,0.3333333333333333,1.0,0.0,,,0.34393939393939393,0.25,0.16666666666666666,0.3333333333333333,VALIDATION_THRESHOLD_SWEEP,not_selected,30,0.2,0.7948571428571428,validation_fine_grid,6,1,156.6
4,0.26666666666666666,FD003,15,0.2,5,0.8333333333333334,3,0.3333333333333333,1.0,0.0,,,0.34393939393939393,0.25,0.16666666666666666,0.3333333333333333,VALIDATION_THRESHOLD_SWEEP,not_selected,30,0.2,0.798,validation_fine_grid,6,1,156.6
4,0.26666666666666666,FD003,15,0.2,5,0.8333333333333334,3,0.3333333333333333,1.0,0.0,,,0.34393939393939393,0.25,0.16666666666666666,0.3333333333333333,VALIDATION_THRESHOLD_SWEEP,not_selected,30,0.2,0.8011428571428572,validation_fine_grid,6,1,156.6
4,0.26666666666666666,FD003,15,0.2,5,0.8333333333333334,3,0.3333333333333333,1.0,0.0,,,0.34393939393939393,0.25,0.16666666666666666,0.3333333333333333,VALIDATION_THRESHOLD_SWEEP,not_selected,30,0.2,0.8042857142857143,validation_fine_grid,6,1,156.6
4,0.26666666666666666,FD003,15,0.2,5,0.8333333333333334,3,0.3333333333333333,1.0,0.0,,,0.34393939393939393,0.25,0.16666666666666666,0.3333333333333333,VALIDATION_THRESHOLD_SWEEP,not_selected,30,0.2,0.8071428571428572,validation_alert_rate_25pct,6,1,156.6
4,0.26666666666666666,FD003,15,0.2,5,0.8333333333333334,3,0.3333333333333333,1.0,0.0,,,0.34393939393939393,0.25,0.16666666666666666,0.3333333333333333,VALIDATION_THRESHOLD_SWEEP,not_selected,30,0.2,0.8074285714285714,validation_fine_grid,6,1,156.6
4,0.26666666666666666,FD003,15,0.2,5,0.8333333333333334,3,0.3333333333333333,1.0,0.0,,,0.34393939393939393,0.25,0.16666666666666666,0.3333333333333333,VALIDATION_THRESHOLD_SWEEP,not_selected,30,0.2,0.8105714285714286,validation_fine_grid,6,1,156.6
4,0.26666666666666666,FD003,15,0.2,5,0.8333333333333334,3,0.3333333333333333,1.0,0.0,,,0.34393939393939393,0.25,0.16666666666666666,0.3333333333333333,VALIDATION_THRESHOLD_SWEEP,not_selected,30,0.2,0.8137142857142857,validation_fine_grid,6,1,156.6
4,0.26666666666666666,FD003,15,0.2,5,0.8333333333333334,3,0.3333333333333333,1.0,0.0,,,0.34393939393939393,0.25,0.16666666666666666,0.3333333333333333,VALIDATION_THRESHOLD_SWEEP,not_selected,30,0.2,0.8168571428571428,validation_fine_grid,6,1,156.6
4,0.26666666666666666,FD003,15,0.2,5,0.8333333333333334,3,0.3333333333333333,1.0,0.0,,,0.34393939393939393,0.25,0.16666666666666666,0.3333333333333333,VALIDATION_THRESHOLD_SWEEP,not_selected,30,0.2,0.82,validation_fine_grid,6,1,156.6
4,0.26666666666666666,FD003,15,0.2,5,0.8333333333333334,3,0.3333333333333333,1.0,0.0,,,0.34393939393939393,0.25,0.16666666666666666,0.3333333333333333,VALIDATION_THRESHOLD_SWEEP,not_selected,30,0.2,0.8231428571428572,validation_fine_grid,6,1,156.6
4,0.26666666666666666,FD003,15,0.2,5,0.8333333333333334,3,0.3333333333333333,1.0,0.0,,,0.34393939393939393,0.25,0.16666666666666666,0.3333333333333333,VALIDATION_THRESHOLD_SWEEP,not_selected,30,0.2,0.8262857142857143,validation_fine_grid,6,1,156.6
4,0.26666666666666666,FD003,15,0.2,5,0.8333333333333334,3,0.3333333333333333,1.0,0.0,,,0.34393939393939393,0.25,0.16666666666666666,0.3333333333333333,VALIDATION_THRESHOLD_SWEEP,not_selected,30,0.2,0.8294285714285714,validation_fine_grid,6,1,156.6
4,0.26666666666666666,FD003,15,0.2,5,0.8333333333333334,3,0.3333333333333333,1.0,0.0,,,0.34393939393939393,0.25,0.16666666666666666,0.3333333333333333,VALIDATION_THRESHOLD_SWEEP,not_selected,30,0.2,0.8325714285714286,validation_fine_grid,6,1,156.6
4,0.26666666666666666,FD003,15,0.2,5,0.8333333333333334,3,0.3333333333333333,1.0,0.0,,,0.34393939393939393,0.25,0.16666666666666666,0.3333333333333333,VALIDATION_THRESHOLD_SWEEP,not_selected,30,0.2,0.8357142857142857,validation_fine_grid,6,1,156.6
4,0.26666666666666666,FD003,15,0.2,5,0.8333333333333334,3,0.3333333333333333,1.0,0.0,,,0.34393939393939393,0.25,0.16666666666666666,0.3333333333333333,VALIDATION_THRESHOLD_SWEEP,not_selected,30,0.2,0.8388571428571429,validation_fine_grid,6,1,156.6
4,0.26666666666666666,FD003,15,0.2,5,0.8333333333333334,3,0.3333333333333333,1.0,0.0,,,0.34393939393939393,0.25,0.16666666666666666,0.3333333333333333,VALIDATION_THRESHOLD_SWEEP,not_selected,30,0.2,0.842,validation_fine_grid,6,1,156.6
4,0.26666666666666666,FD003,15,0.2,5,0.8333333333333334,3,0.3333333333333333,1.0,0.0,,,0.34393939393939393,0.25,0.16666666666666666,0.3333333333333333,VALIDATION_THRESHOLD_SWEEP,not_selected,30,0.2,0.8428571428571429,validation_alert_rate_15pct+validation_alert_rate_20pct+validation_observed_score,6,1,156.6
2,0.13333333333333333,FD003,15,,6,1.0,2,0.2222222222222222,1.0,0.0,,,0.34393939393939393,0.0,0.0,0.3333333333333333,VALIDATION_THRESHOLD_SWEEP,not_selected,30,0.2,0.8451428571428572,validation_fine_grid,7,0,156.6
2,0.13333333333333333,FD003,15,,6,1.0,2,0.2222222222222222,1.0,0.0,,,0.34393939393939393,0.0,0.0,0.3333333333333333,VALIDATION_THRESHOLD_SWEEP,not_selected,30,0.2,0.8482857142857143,validation_fine_grid,7,0,156.6
2,0.13333333333333333,FD003,15,,6,1.0,2,0.2222222222222222,1.0,0.0,,,0.34393939393939393,0.0,0.0,0.3333333333333333,VALIDATION_THRESHOLD_SWEEP,not_selected,30,0.2,0.8514285714285714,validation_fine_grid,7,0,156.6
2,0.13333333333333333,FD003,15,,6,1.0,2,0.2222222222222222,1.0,0.0,,,0.34393939393939393,0.0,0.0,0.3333333333333333,VALIDATION_THRESHOLD_SWEEP,not_selected,30,0.2,0.8545714285714285,validation_fine_grid,7,0,156.6
2,0.13333333333333333,FD003,15,,6,1.0,2,0.2222222222222222,1.0,0.0,,,0.34393939393939393,0.0,0.0,0.3333333333333333,VALIDATION_THRESHOLD_SWEEP,not_selected,30,0.2,0.8577142857142858,validation_fine_grid,7,0,156.6
2,0.13333333333333333,FD003,15,,6,1.0,2,0.2222222222222222,1.0,0.0,,,0.34393939393939393,0.0,0.0,0.3333333333333333,VALIDATION_THRESHOLD_SWEEP,not_selected,30,0.2,0.8608571428571429,validation_fine_grid,7,0,156.6
2,0.13333333333333333,FD003,15,,6,1.0,2,0.2222222222222222,1.0,0.0,,,0.34393939393939393,0.0,0.0,0.3333333333333333,VALIDATION_THRESHOLD_SWEEP,not_selected,30,0.2,0.864,validation_fine_grid,7,0,156.6
2,0.13333333333333333,FD003,15,,6,1.0,2,0.2222222222222222,1.0,0.0,,,0.34393939393939393,0.0,0.0,0.3333333333333333,VALIDATION_THRESHOLD_SWEEP,not_selected,30,0.2,0.8671428571428571,validation_fine_grid,7,0,156.6
2,0.13333333333333333,FD003,15,,6,1.0,2,0.2222222222222222,1.0,0.0,,,0.34393939393939393,0.0,0.0,0.3333333333333333,VALIDATION_THRESHOLD_SWEEP,not_selected,30,0.2,0.8702857142857143,validation_fine_grid,7,0,156.6
2,0.13333333333333333,FD003,15,,6,1.0,2,0.2222222222222222,1.0,0.0,,,0.34393939393939393,0.0,0.0,0.3333333333333333,VALIDATION_THRESHOLD_SWEEP,not_selected,30,0.2,0.8734285714285714,validation_fine_grid,7,0,156.6
2,0.13333333333333333,FD003,15,,6,1.0,2,0.2222222222222222,1.0,0.0,,,0.34393939393939393,0.0,0.0,0.3333333333333333,VALIDATION_THRESHOLD_SWEEP,not_selected,30,0.2,0.8765714285714286,validation_fine_grid,7,0,156.6
2,0.13333333333333333,FD003,15,,6,1.0,2,0.2222222222222222,1.0,0.0,,,0.34393939393939393,0.0,0.0,0.3333333333333333,VALIDATION_THRESHOLD_SWEEP,not_selected,30,0.2,0.8771428571428571,validation_alert_rate_10pct,7,0,156.6
2,0.13333333333333333,FD003,15,,6,1.0,2,0.2222222222222222,1.0,0.0,,,0.34393939393939393,0.0,0.0,0.3333333333333333,VALIDATION_THRESHOLD_SWEEP,not_selected,30,0.2,0.8797142857142857,validation_fine_grid,7,0,156.6
2,0.13333333333333333,FD003,15,,6,1.0,2,0.2222222222222222,1.0,0.0,,,0.34393939393939393,0.0,0.0,0.3333333333333333,VALIDATION_THRESHOLD_SWEEP,not_selected,30,0.2,0.8828571428571429,validation_fine_grid,7,0,156.6
2,0.13333333333333333,FD003,15,,6,1.0,2,0.2222222222222222,1.0,0.0,,,0.34393939393939393,0.0,0.0,0.3333333333333333,VALIDATION_THRESHOLD_SWEEP,not_selected,30,0.2,0.886,validation_fine_grid,7,0,156.6
2,0.13333333333333333,FD003,15,,6,1.0,2,0.2222222222222222,1.0,0.0,,,0.34393939393939393,0.0,0.0,0.3333333333333333,VALIDATION_THRESHOLD_SWEEP,not_selected,30,0.2,0.8891428571428571,validation_fine_grid,7,0,156.6
2,0.13333333333333333,FD003,15,,6,1.0,2,0.2222222222222222,1.0,0.0,,,0.34393939393939393,0.0,0.0,0.3333333333333333,VALIDATION_THRESHOLD_SWEEP,not_selected,30,0.2,0.8922857142857143,validation_fine_grid,7,0,156.6
2,0.13333333333333333,FD003,15,,6,1.0,2,0.2222222222222222,1.0,0.0,,,0.34393939393939393,0.0,0.0,0.3333333333333333,VALIDATION_THRESHOLD_SWEEP,not_selected,30,0.2,0.8954285714285715,validation_fine_grid,7,0,156.6
2,0.13333333333333333,FD003,15,,6,1.0,2,0.2222222222222222,1.0,0.0,,,0.34393939393939393,0.0,0.0,0.3333333333333333,VALIDATION_THRESHOLD_SWEEP,not_selected,30,0.2,0.8985714285714286,validation_fine_grid,7,0,156.6
2,0.13333333333333333,FD003,15,,6,1.0,2,0.2222222222222222,1.0,0.0,,,0.34393939393939393,0.0,0.0,0.3333333333333333,VALIDATION_THRESHOLD_SWEEP,not_selected,30,0.2,0.9,validation_observed_score,7,0,156.6
1,0.06666666666666667,FD003,15,,6,1.0,1,0.1111111111111111,1.0,0.0,,,0.34393939393939393,0.0,0.0,0.3333333333333333,VALIDATION_THRESHOLD_SWEEP,not_selected,30,0.2,0.9017142857142857,validation_fine_grid,8,0,156.6
1,0.06666666666666667,FD003,15,,6,1.0,1,0.1111111111111111,1.0,0.0,,,0.34393939393939393,0.0,0.0,0.3333333333333333,VALIDATION_THRESHOLD_SWEEP,not_selected,30,0.2,0.9048571428571429,validation_fine_grid,8,0,156.6
1,0.06666666666666667,FD003,15,,6,1.0,1,0.1111111111111111,1.0,0.0,,,0.34393939393939393,0.0,0.0,0.3333333333333333,VALIDATION_THRESHOLD_SWEEP,not_selected,30,0.2,0.908,validation_fine_grid,8,0,156.6
1,0.06666666666666667,FD003,15,,6,1.0,1,0.1111111111111111,1.0,0.0,,,0.34393939393939393,0.0,0.0,0.3333333333333333,VALIDATION_THRESHOLD_SWEEP,not_selected,30,0.2,0.9111428571428571,validation_fine_grid,8,0,156.6
1,0.06666666666666667,FD003,15,,6,1.0,1,0.1111111111111111,1.0,0.0,,,0.34393939393939393,0.0,0.0,0.3333333333333333,VALIDATION_THRESHOLD_SWEEP,not_selected,30,0.2,0.9142857142857143,validation_fine_grid+validation_observed_score,8,0,156.6
15,1.0,FD003,15,0.5714285714285715,0,0.0,9,1.0,1.0,0.0,,,0.34393939393939393,0.4,1.0,0.3333333333333333,VALIDATION_SELECTED,recall_target_met,30,0.2,0.2857142857142857,validation_fine_grid+validation_observed_score,0,6,156.6
13,0.8666666666666667,FD003,15,0.375,0,0.0,10,0.8333333333333334,1.0,0.0,,,0.2297979797979798,0.23076923076923078,1.0,0.4722222222222222,INTERNAL_HOLDOUT_LOCKED,recall_target_met,30,0.2,0.2857142857142857,frozen_validation_selected,2,3,156.6
83,0.83,FD003,100,0.3076923076923077,5,0.23809523809523808,67,0.8481012658227848,1.0,0.0,79,21,0.1944841981495508,0.1927710843373494,0.7619047619047619,0.4632308619650392,OFFICIAL_TEST_RUL_LOCKED,recall_target_met,30,0.2,0.2857142857142857,frozen_validation_selected,12,16,156.6
6,0.16216216216216217,FD004,37,0.26666666666666666,7,0.7777777777777778,4,0.14285714285714285,0.5,0.5,,,0.3469487339390004,0.3333333333333333,0.2222222222222222,0.5773809523809523,VALIDATION_BASELINE_50_50,not_selected,30,0.2,0.8034482758620689,existing_validation_85th_percentile,24,2,154.0
6,0.16216216216216217,FD004,37,0.26666666666666666,7,0.7777777777777778,4,0.14285714285714285,0.8,0.2,,,0.26783824765675945,0.3333333333333333,0.2222222222222222,0.4920634920634921,VALIDATION_BEST_FUSION_85TH_PERCENTILE,not_selected,30,0.2,0.7790804597701149,best_fusion_validation_85th_percentile,24,2,154.0
37,1.0,FD004,37,0.391304347826087,0,0.0,28,1.0,0.8,0.2,,,0.26783824765675945,0.24324324324324326,1.0,0.4920634920634921,VALIDATION_THRESHOLD_SWEEP,not_selected,30,0.2,0.017241379310344827,validation_fine_grid+validation_observed_score,0,9,154.0
36,0.972972972972973,FD004,37,0.4,0,0.0,27,0.9642857142857143,0.8,0.2,,,0.26783824765675945,0.25,1.0,0.4920634920634921,VALIDATION_THRESHOLD_SWEEP,not_selected,30,0.2,0.021810344827586207,validation_fine_grid,1,9,154.0
36,0.972972972972973,FD004,37,0.4,0,0.0,27,0.9642857142857143,0.8,0.2,,,0.26783824765675945,0.25,1.0,0.4920634920634921,VALIDATION_THRESHOLD_SWEEP,not_selected,30,0.2,0.026379310344827586,validation_fine_grid,1,9,154.0
36,0.972972972972973,FD004,37,0.4,0,0.0,27,0.9642857142857143,0.8,0.2,,,0.26783824765675945,0.25,1.0,0.4920634920634921,VALIDATION_THRESHOLD_SWEEP,not_selected,30,0.2,0.030948275862068966,validation_fine_grid,1,9,154.0
36,0.972972972972973,FD004,37,0.4,0,0.0,27,0.9642857142857143,0.8,0.2,,,0.26783824765675945,0.25,1.0,0.4920634920634921,VALIDATION_THRESHOLD_SWEEP,not_selected,30,0.2,0.035517241379310345,validation_fine_grid,1,9,154.0
36,0.972972972972973,FD004,37,0.4,0,0.0,27,0.9642857142857143,0.8,0.2,,,0.26783824765675945,0.25,1.0,0.4920634920634921,VALIDATION_THRESHOLD_SWEEP,not_selected,30,0.2,0.0367816091954023,validation_observed_score,1,9,154.0
35,0.9459459459459459,FD004,37,0.40909090909090906,0,0.0,26,0.9285714285714286,0.8,0.2,,,0.26783824765675945,0.2571428571428571,1.0,0.4920634920634921,VALIDATION_THRESHOLD_SWEEP,not_selected,30,0.2,0.04008620689655172,validation_fine_grid,2,9,154.0
35,0.9459459459459459,FD004,37,0.40909090909090906,0,0.0,26,0.9285714285714286,0.8,0.2,,,0.26783824765675945,0.2571428571428571,1.0,0.4920634920634921,VALIDATION_THRESHOLD_SWEEP,not_selected,30,0.2,0.044655172413793104,validation_fine_grid,2,9,154.0
35,0.9459459459459459,FD004,37,0.40909090909090906,0,0.0,26,0.9285714285714286,0.8,0.2,,,0.26783824765675945,0.2571428571428571,1.0,0.4920634920634921,VALIDATION_THRESHOLD_SWEEP,not_selected,30,0.2,0.04922413793103448,validation_fine_grid,2,9,154.0
35,0.9459459459459459,FD004,37,0.40909090909090906,0,0.0,26,0.9285714285714286,0.8,0.2,,,0.26783824765675945,0.2571428571428571,1.0,0.4920634920634921,VALIDATION_THRESHOLD_SWEEP,not_selected,30,0.2,0.05379310344827586,validation_fine_grid,2,9,154.0
35,0.9459459459459459,FD004,37,0.40909090909090906,0,0.0,26,0.9285714285714286,0.8,0.2,,,0.26783824765675945,0.2571428571428571,1.0,0.4920634920634921,VALIDATION_THRESHOLD_SWEEP,not_selected,30,0.2,0.058362068965517246,validation_fine_grid,2,9,154.0
35,0.9459459459459459,FD004,37,0.40909090909090906,0,0.0,26,0.9285714285714286,0.8,0.2,,,0.26783824765675945,0.2571428571428571,1.0,0.4920634920634921,VALIDATION_THRESHOLD_SWEEP,not_selected,30,0.2,0.06293103448275862,validation_fine_grid,2,9,154.0
35,0.9459459459459459,FD004,37,0.40909090909090906,0,0.0,26,0.9285714285714286,0.8,0.2,,,0.26783824765675945,0.2571428571428571,1.0,0.4920634920634921,VALIDATION_THRESHOLD_SWEEP,not_selected,30,0.2,0.0675,validation_fine_grid,2,9,154.0
35,0.9459459459459459,FD004,37,0.40909090909090906,0,0.0,26,0.9285714285714286,0.8,0.2,,,0.26783824765675945,0.2571428571428571,1.0,0.4920634920634921,VALIDATION_THRESHOLD_SWEEP,not_selected,30,0.2,0.07206896551724137,validation_fine_grid,2,9,154.0
35,0.9459459459459459,FD004,37,0.40909090909090906,0,0.0,26,0.9285714285714286,0.8,0.2,,,0.26783824765675945,0.2571428571428571,1.0,0.4920634920634921,VALIDATION_THRESHOLD_SWEEP,not_selected,30,0.2,0.07663793103448277,validation_fine_grid,2,9,154.0
35,0.9459459459459459,FD004,37,0.40909090909090906,0,0.0,26,0.9285714285714286,0.8,0.2,,,0.26783824765675945,0.2571428571428571,1.0,0.4920634920634921,VALIDATION_THRESHOLD_SWEEP,not_selected,30,0.2,0.08120689655172414,validation_fine_grid,2,9,154.0
35,0.9459459459459459,FD004,37,0.40909090909090906,0,0.0,26,0.9285714285714286,0.8,0.2,,,0.26783824765675945,0.2571428571428571,1.0,0.4920634920634921,VALIDATION_THRESHOLD_SWEEP,not_selected,30,0.2,0.08577586206896551,validation_fine_grid,2,9,154.0
35,0.9459459459459459,FD004,37,0.40909090909090906,0,0.0,26,0.9285714285714286,0.8,0.2,,,0.26783824765675945,0.2571428571428571,1.0,0.4920634920634921,VALIDATION_THRESHOLD_SWEEP,not_selected,30,0.2,0.0903448275862069,validation_fine_grid,2,9,154.0
35,0.9459459459459459,FD004,37,0.40909090909090906,0,0.0,26,0.9285714285714286,0.8,0.2,,,0.26783824765675945,0.2571428571428571,1.0,0.4920634920634921,VALIDATION_THRESHOLD_SWEEP,not_selected,30,0.2,0.09491379310344827,validation_fine_grid,2,9,154.0
35,0.9459459459459459,FD004,37,0.40909090909090906,0,0.0,26,0.9285714285714286,0.8,0.2,,,0.26783824765675945,0.2571428571428571,1.0,0.4920634920634921,VALIDATION_THRESHOLD_SWEEP,not_selected,30,0.2,0.09948275862068967,validation_fine_grid,2,9,154.0
35,0.9459459459459459,FD004,37,0.40909090909090906,0,0.0,26,0.9285714285714286,0.8,0.2,,,0.26783824765675945,0.2571428571428571,1.0,0.4920634920634921,VALIDATION_THRESHOLD_SWEEP,not_selected,30,0.2,0.10405172413793104,validation_fine_grid,2,9,154.0
35,0.9459459459459459,FD004,37,0.40909090909090906,0,0.0,26,0.9285714285714286,0.8,0.2,,,0.26783824765675945,0.2571428571428571,1.0,0.4920634920634921,VALIDATION_THRESHOLD_SWEEP,not_selected,30,0.2,0.10862068965517241,validation_fine_grid,2,9,154.0
35,0.9459459459459459,FD004,37,0.40909090909090906,0,0.0,26,0.9285714285714286,0.8,0.2,,,0.26783824765675945,0.2571428571428571,1.0,0.4920634920634921,VALIDATION_THRESHOLD_SWEEP,not_selected,30,0.2,0.1131896551724138,validation_fine_grid,2,9,154.0
35,0.9459459459459459,FD004,37,0.40909090909090906,0,0.0,26,0.9285714285714286,0.8,0.2,,,0.26783824765675945,0.2571428571428571,1.0,0.4920634920634921,VALIDATION_THRESHOLD_SWEEP,not_selected,30,0.2,0.11775862068965517,validation_fine_grid,2,9,154.0
35,0.9459459459459459,FD004,37,0.40909090909090906,0,0.0,26,0.9285714285714286,0.8,0.2,,,0.26783824765675945,0.2571428571428571,1.0,0.4920634920634921,VALIDATION_THRESHOLD_SWEEP,not_selected,30,0.2,0.12183908045977011,validation_observed_score,2,9,154.0
34,0.918918918918919,FD004,37,0.4186046511627907,0,0.0,25,0.8928571428571429,0.8,0.2,,,0.26783824765675945,0.2647058823529412,1.0,0.4920634920634921,VALIDATION_THRESHOLD_SWEEP,not_selected,30,0.2,0.12232758620689654,validation_fine_grid,3,9,154.0
34,0.918918918918919,FD004,37,0.4186046511627907,0,0.0,25,0.8928571428571429,0.8,0.2,,,0.26783824765675945,0.2647058823529412,1.0,0.4920634920634921,VALIDATION_THRESHOLD_SWEEP,not_selected,30,0.2,0.12689655172413794,validation_fine_grid,3,9,154.0
34,0.918918918918919,FD004,37,0.4186046511627907,0,0.0,25,0.8928571428571429,0.8,0.2,,,0.26783824765675945,0.2647058823529412,1.0,0.4920634920634921,VALIDATION_THRESHOLD_SWEEP,not_selected,30,0.2,0.1314655172413793,validation_fine_grid,3,9,154.0
34,0.918918918918919,FD004,37,0.4186046511627907,0,0.0,25,0.8928571428571429,0.8,0.2,,,0.26783824765675945,0.2647058823529412,1.0,0.4920634920634921,VALIDATION_THRESHOLD_SWEEP,not_selected,30,0.2,0.1360344827586207,validation_fine_grid,3,9,154.0
34,0.918918918918919,FD004,37,0.4186046511627907,0,0.0,25,0.8928571428571429,0.8,0.2,,,0.26783824765675945,0.2647058823529412,1.0,0.4920634920634921,VALIDATION_THRESHOLD_SWEEP,not_selected,30,0.2,0.13908045977011496,validation_observed_score,3,9,154.0
33,0.8918918918918919,FD004,37,0.42857142857142855,0,0.0,24,0.8571428571428571,0.8,0.2,,,0.26783824765675945,0.2727272727272727,1.0,0.4920634920634921,VALIDATION_THRESHOLD_SWEEP,not_selected,30,0.2,0.14060344827586208,validation_fine_grid,4,9,154.0
33,0.8918918918918919,FD004,37,0.42857142857142855,0,0.0,24,0.8571428571428571,0.8,0.2,,,0.26783824765675945,0.2727272727272727,1.0,0.4920634920634921,VALIDATION_THRESHOLD_SWEEP,not_selected,30,0.2,0.14517241379310344,validation_fine_grid,4,9,154.0
33,0.8918918918918919,FD004,37,0.42857142857142855,0,0.0,24,0.8571428571428571,0.8,0.2,,,0.26783824765675945,0.2727272727272727,1.0,0.4920634920634921,VALIDATION_THRESHOLD_SWEEP,not_selected,30,0.2,0.14942528735632182,validation_observed_score,4,9,154.0
32,0.8648648648648649,FD004,37,0.43902439024390244,0,0.0,23,0.8214285714285714,0.8,0.2,,,0.26783824765675945,0.28125,1.0,0.4920634920634921,VALIDATION_THRESHOLD_SWEEP,not_selected,30,0.2,0.14974137931034484,validation_fine_grid,5,9,154.0
32,0.8648648648648649,FD004,37,0.43902439024390244,0,0.0,23,0.8214285714285714,0.8,0.2,,,0.26783824765675945,0.28125,1.0,0.4920634920634921,VALIDATION_THRESHOLD_SWEEP,not_selected,30,0.2,0.1543103448275862,validation_fine_grid,5,9,154.0
32,0.8648648648648649,FD004,37,0.43902439024390244,0,0.0,23,0.8214285714285714,0.8,0.2,,,0.26783824765675945,0.28125,1.0,0.4920634920634921,VALIDATION_THRESHOLD_SWEEP,not_selected,30,0.2,0.1588793103448276,validation_fine_grid,5,9,154.0
32,0.8648648648648649,FD004,37,0.43902439024390244,0,0.0,23,0.8214285714285714,0.8,0.2,,,0.26783824765675945,0.28125,1.0,0.4920634920634921,VALIDATION_THRESHOLD_SWEEP,not_selected,30,0.2,0.16344827586206898,validation_fine_grid,5,9,154.0
32,0.8648648648648649,FD004,37,0.43902439024390244,0,0.0,23,0.8214285714285714,0.8,0.2,,,0.26783824765675945,0.28125,1.0,0.4920634920634921,VALIDATION_THRESHOLD_SWEEP,not_selected,30,0.2,0.16801724137931034,validation_fine_grid,5,9,154.0
32,0.8648648648648649,FD004,37,0.43902439024390244,0,0.0,23,0.8214285714285714,0.8,0.2,,,0.26783824765675945,0.28125,1.0,0.4920634920634921,VALIDATION_THRESHOLD_SWEEP,not_selected,30,0.2,0.17258620689655174,validation_fine_grid,5,9,154.0
32,0.8648648648648649,FD004,37,0.43902439024390244,0,0.0,23,0.8214285714285714,0.8,0.2,,,0.26783824765675945,0.28125,1.0,0.4920634920634921,VALIDATION_THRESHOLD_SWEEP,not_selected,30,0.2,0.1771551724137931,validation_fine_grid,5,9,154.0
32,0.8648648648648649,FD004,37,0.43902439024390244,0,0.0,23,0.8214285714285714,0.8,0.2,,,0.26783824765675945,0.28125,1.0,0.4920634920634921,VALIDATION_THRESHOLD_SWEEP,not_selected,30,0.2,0.1817241379310345,validation_fine_grid,5,9,154.0
32,0.8648648648648649,FD004,37,0.43902439024390244,0,0.0,23,0.8214285714285714,0.8,0.2,,,0.26783824765675945,0.28125,1.0,0.4920634920634921,VALIDATION_THRESHOLD_SWEEP,not_selected,30,0.2,0.18629310344827588,validation_fine_grid,5,9,154.0
32,0.8648648648648649,FD004,37,0.43902439024390244,0,0.0,23,0.8214285714285714,0.8,0.2,,,0.26783824765675945,0.28125,1.0,0.4920634920634921,VALIDATION_THRESHOLD_SWEEP,not_selected,30,0.2,0.19086206896551725,validation_fine_grid,5,9,154.0
32,0.8648648648648649,FD004,37,0.43902439024390244,0,0.0,23,0.8214285714285714,0.8,0.2,,,0.26783824765675945,0.28125,1.0,0.4920634920634921,VALIDATION_THRESHOLD_SWEEP,not_selected,30,0.2,0.19543103448275864,validation_fine_grid,5,9,154.0
32,0.8648648648648649,FD004,37,0.43902439024390244,0,0.0,23,0.8214285714285714,0.8,0.2,,,0.26783824765675945,0.28125,1.0,0.4920634920634921,VALIDATION_THRESHOLD_SWEEP,not_selected,30,0.2,0.1988505747126437,validation_observed_score,5,9,154.0
31,0.8378378378378378,FD004,37,0.45000000000000007,0,0.0,22,0.7857142857142857,0.8,0.2,,,0.26783824765675945,0.2903225806451613,1.0,0.4920634920634921,VALIDATION_THRESHOLD_SWEEP,not_selected,30,0.2,0.2,validation_fine_grid,6,9,154.0
31,0.8378378378378378,FD004,37,0.45000000000000007,0,0.0,22,0.7857142857142857,0.8,0.2,,,0.26783824765675945,0.2903225806451613,1.0,0.4920634920634921,VALIDATION_THRESHOLD_SWEEP,not_selected,30,0.2,0.20456896551724138,validation_fine_grid,6,9,154.0
31,0.8378378378378378,FD004,37,0.45000000000000007,0,0.0,22,0.7857142857142857,0.8,0.2,,,0.26783824765675945,0.2903225806451613,1.0,0.4920634920634921,VALIDATION_THRESHOLD_SWEEP,not_selected,30,0.2,0.20913793103448278,validation_fine_grid,6,9,154.0
31,0.8378378378378378,FD004,37,0.45000000000000007,0,0.0,22,0.7857142857142857,0.8,0.2,,,0.26783824765675945,0.2903225806451613,1.0,0.4920634920634921,VALIDATION_THRESHOLD_SWEEP,not_selected,30,0.2,0.21370689655172415,validation_fine_grid,6,9,154.0
31,0.8378378378378378,FD004,37,0.45000000000000007,0,0.0,22,0.7857142857142857,0.8,0.2,,,0.26783824765675945,0.2903225806451613,1.0,0.4920634920634921,VALIDATION_THRESHOLD_SWEEP,not_selected,30,0.2,0.21827586206896551,validation_fine_grid,6,9,154.0
31,0.8378378378378378,FD004,37,0.45000000000000007,0,0.0,22,0.7857142857142857,0.8,0.2,,,0.26783824765675945,0.2903225806451613,1.0,0.4920634920634921,VALIDATION_THRESHOLD_SWEEP,not_selected,30,0.2,0.2228448275862069,validation_fine_grid,6,9,154.0
31,0.8378378378378378,FD004,37,0.45000000000000007,0,0.0,22,0.7857142857142857,0.8,0.2,,,0.26783824765675945,0.2903225806451613,1.0,0.4920634920634921,VALIDATION_THRESHOLD_SWEEP,not_selected,30,0.2,0.22741379310344828,validation_fine_grid,6,9,154.0
31,0.8378378378378378,FD004,37,0.45000000000000007,0,0.0,22,0.7857142857142857,0.8,0.2,,,0.26783824765675945,0.2903225806451613,1.0,0.4920634920634921,VALIDATION_THRESHOLD_SWEEP,not_selected,30,0.2,0.22758620689655173,validation_observed_score,6,9,154.0
30,0.8108108108108109,FD004,37,0.4615384615384615,0,0.0,21,0.75,0.8,0.2,,,0.26783824765675945,0.3,1.0,0.4920634920634921,VALIDATION_THRESHOLD_SWEEP,not_selected,30,0.2,0.23198275862068968,validation_fine_grid,7,9,154.0
30,0.8108108108108109,FD004,37,0.4615384615384615,0,0.0,21,0.75,0.8,0.2,,,0.26783824765675945,0.3,1.0,0.4920634920634921,VALIDATION_THRESHOLD_SWEEP,not_selected,30,0.2,0.23655172413793105,validation_fine_grid,7,9,154.0
30,0.8108108108108109,FD004,37,0.4615384615384615,0,0.0,21,0.75,0.8,0.2,,,0.26783824765675945,0.3,1.0,0.4920634920634921,VALIDATION_THRESHOLD_SWEEP,not_selected,30,0.2,0.24112068965517242,validation_fine_grid,7,9,154.0
30,0.8108108108108109,FD004,37,0.4615384615384615,0,0.0,21,0.75,0.8,0.2,,,0.26783824765675945,0.3,1.0,0.4920634920634921,VALIDATION_THRESHOLD_SWEEP,not_selected,30,0.2,0.2456896551724138,validation_fine_grid,7,9,154.0
30,0.8108108108108109,FD004,37,0.4615384615384615,0,0.0,21,0.75,0.8,0.2,,,0.26783824765675945,0.3,1.0,0.4920634920634921,VALIDATION_THRESHOLD_SWEEP,not_selected,30,0.2,0.25025862068965515,validation_fine_grid,7,9,154.0
30,0.8108108108108109,FD004,37,0.4615384615384615,0,0.0,21,0.75,0.8,0.2,,,0.26783824765675945,0.3,1.0,0.4920634920634921,VALIDATION_THRESHOLD_SWEEP,not_selected,30,0.2,0.25482758620689655,validation_fine_grid,7,9,154.0
30,0.8108108108108109,FD004,37,0.4615384615384615,0,0.0,21,0.75,0.8,0.2,,,0.26783824765675945,0.3,1.0,0.4920634920634921,VALIDATION_THRESHOLD_SWEEP,not_selected,30,0.2,0.25939655172413795,validation_fine_grid,7,9,154.0
30,0.8108108108108109,FD004,37,0.4615384615384615,0,0.0,21,0.75,0.8,0.2,,,0.26783824765675945,0.3,1.0,0.4920634920634921,VALIDATION_THRESHOLD_SWEEP,not_selected,30,0.2,0.2639655172413793,validation_fine_grid,7,9,154.0
30,0.8108108108108109,FD004,37,0.4615384615384615,0,0.0,21,0.75,0.8,0.2,,,0.26783824765675945,0.3,1.0,0.4920634920634921,VALIDATION_THRESHOLD_SWEEP,not_selected,30,0.2,0.2685344827586207,validation_fine_grid,7,9,154.0
30,0.8108108108108109,FD004,37,0.4615384615384615,0,0.0,21,0.75,0.8,0.2,,,0.26783824765675945,0.3,1.0,0.4920634920634921,VALIDATION_THRESHOLD_SWEEP,not_selected,30,0.2,0.273103448275862,validation_fine_grid,7,9,154.0
30,0.8108108108108109,FD004,37,0.4615384615384615,0,0.0,21,0.75,0.8,0.2,,,0.26783824765675945,0.3,1.0,0.4920634920634921,VALIDATION_THRESHOLD_SWEEP,not_selected,30,0.2,0.2776724137931034,validation_fine_grid,7,9,154.0
30,0.8108108108108109,FD004,37,0.4615384615384615,0,0.0,21,0.75,0.8,0.2,,,0.26783824765675945,0.3,1.0,0.4920634920634921,VALIDATION_THRESHOLD_SWEEP,not_selected,30,0.2,0.2822413793103448,validation_fine_grid,7,9,154.0
30,0.8108108108108109,FD004,37,0.4615384615384615,0,0.0,21,0.75,0.8,0.2,,,0.26783824765675945,0.3,1.0,0.4920634920634921,VALIDATION_THRESHOLD_SWEEP,not_selected,30,0.2,0.2868103448275862,validation_fine_grid,7,9,154.0
30,0.8108108108108109,FD004,37,0.4615384615384615,0,0.0,21,0.75,0.8,0.2,,,0.26783824765675945,0.3,1.0,0.4920634920634921,VALIDATION_THRESHOLD_SWEEP,not_selected,30,0.2,0.29137931034482756,validation_fine_grid,7,9,154.0
30,0.8108108108108109,FD004,37,0.4615384615384615,0,0.0,21,0.75,0.8,0.2,,,0.26783824765675945,0.3,1.0,0.4920634920634921,VALIDATION_THRESHOLD_SWEEP,not_selected,30,0.2,0.29594827586206895,validation_fine_grid,7,9,154.0
30,0.8108108108108109,FD004,37,0.4615384615384615,0,0.0,21,0.75,0.8,0.2,,,0.26783824765675945,0.3,1.0,0.4920634920634921,VALIDATION_THRESHOLD_SWEEP,not_selected,30,0.2,0.30051724137931035,validation_fine_grid,7,9,154.0
30,0.8108108108108109,FD004,37,0.4615384615384615,0,0.0,21,0.75,0.8,0.2,,,0.26783824765675945,0.3,1.0,0.4920634920634921,VALIDATION_THRESHOLD_SWEEP,not_selected,30,0.2,0.3050862068965517,validation_fine_grid,7,9,154.0
30,0.8108108108108109,FD004,37,0.4615384615384615,0,0.0,21,0.75,0.8,0.2,,,0.26783824765675945,0.3,1.0,0.4920634920634921,VALIDATION_THRESHOLD_SWEEP,not_selected,30,0.2,0.3091954022988506,validation_observed_score,7,9,154.0
29,0.7837837837837838,FD004,37,0.42105263157894735,1,0.1111111111111111,21,0.75,0.8,0.2,,,0.26783824765675945,0.27586206896551724,0.8888888888888888,0.4920634920634921,VALIDATION_THRESHOLD_SWEEP,not_selected,30,0.2,0.3096551724137931,validation_fine_grid,7,8,154.0
29,0.7837837837837838,FD004,37,0.42105263157894735,1,0.1111111111111111,21,0.75,0.8,0.2,,,0.26783824765675945,0.27586206896551724,0.8888888888888888,0.4920634920634921,VALIDATION_THRESHOLD_SWEEP,not_selected,30,0.2,0.3142241379310345,validation_fine_grid,7,8,154.0
29,0.7837837837837838,FD004,37,0.42105263157894735,1,0.1111111111111111,21,0.75,0.8,0.2,,,0.26783824765675945,0.27586206896551724,0.8888888888888888,0.4920634920634921,VALIDATION_THRESHOLD_SWEEP,not_selected,30,0.2,0.3187931034482758,validation_fine_grid,7,8,154.0
29,0.7837837837837838,FD004,37,0.42105263157894735,1,0.1111111111111111,21,0.75,0.8,0.2,,,0.26783824765675945,0.27586206896551724,0.8888888888888888,0.4920634920634921,VALIDATION_THRESHOLD_SWEEP,not_selected,30,0.2,0.3233620689655172,validation_fine_grid,7,8,154.0
29,0.7837837837837838,FD004,37,0.42105263157894735,1,0.1111111111111111,21,0.75,0.8,0.2,,,0.26783824765675945,0.27586206896551724,0.8888888888888888,0.4920634920634921,VALIDATION_THRESHOLD_SWEEP,not_selected,30,0.2,0.32413793103448274,validation_observed_score,7,8,154.0
28,0.7567567567567568,FD004,37,0.3783783783783784,2,0.2222222222222222,21,0.75,0.8,0.2,,,0.26783824765675945,0.25,0.7777777777777778,0.4920634920634921,VALIDATION_THRESHOLD_SWEEP,not_selected,30,0.2,0.3279310344827586,validation_fine_grid,7,7,154.0
28,0.7567567567567568,FD004,37,0.3783783783783784,2,0.2222222222222222,21,0.75,0.8,0.2,,,0.26783824765675945,0.25,0.7777777777777778,0.4920634920634921,VALIDATION_THRESHOLD_SWEEP,not_selected,30,0.2,0.33249999999999996,validation_fine_grid,7,7,154.0
28,0.7567567567567568,FD004,37,0.3783783783783784,2,0.2222222222222222,21,0.75,0.8,0.2,,,0.26783824765675945,0.25,0.7777777777777778,0.4920634920634921,VALIDATION_THRESHOLD_SWEEP,not_selected,30,0.2,0.33706896551724136,validation_fine_grid,7,7,154.0
28,0.7567567567567568,FD004,37,0.3783783783783784,2,0.2222222222222222,21,0.75,0.8,0.2,,,0.26783824765675945,0.25,0.7777777777777778,0.4920634920634921,VALIDATION_THRESHOLD_SWEEP,not_selected,30,0.2,0.34163793103448276,validation_fine_grid,7,7,154.0
28,0.7567567567567568,FD004,37,0.3783783783783784,2,0.2222222222222222,21,0.75,0.8,0.2,,,0.26783824765675945,0.25,0.7777777777777778,0.4920634920634921,VALIDATION_THRESHOLD_SWEEP,not_selected,30,0.2,0.34620689655172415,validation_fine_grid,7,7,154.0
28,0.7567567567567568,FD004,37,0.3783783783783784,2,0.2222222222222222,21,0.75,0.8,0.2,,,0.26783824765675945,0.25,0.7777777777777778,0.4920634920634921,VALIDATION_THRESHOLD_SWEEP,not_selected,30,0.2,0.3507758620689655,validation_fine_grid,7,7,154.0
28,0.7567567567567568,FD004,37,0.3783783783783784,2,0.2222222222222222,21,0.75,0.8,0.2,,,0.26783824765675945,0.25,0.7777777777777778,0.4920634920634921,VALIDATION_THRESHOLD_SWEEP,not_selected,30,0.2,0.3553448275862069,validation_fine_grid,7,7,154.0
28,0.7567567567567568,FD004,37,0.3783783783783784,2,0.2222222222222222,21,0.75,0.8,0.2,,,0.26783824765675945,0.25,0.7777777777777778,0.4920634920634921,VALIDATION_THRESHOLD_SWEEP,not_selected,30,0.2,0.3599137931034483,validation_fine_grid,7,7,154.0
28,0.7567567567567568,FD004,37,0.3783783783783784,2,0.2222222222222222,21,0.75,0.8,0.2,,,0.26783824765675945,0.25,0.7777777777777778,0.4920634920634921,VALIDATION_THRESHOLD_SWEEP,not_selected,30,0.2,0.36448275862068963,validation_fine_grid,7,7,154.0
28,0.7567567567567568,FD004,37,0.3783783783783784,2,0.2222222222222222,21,0.75,0.8,0.2,,,0.26783824765675945,0.25,0.7777777777777778,0.4920634920634921,VALIDATION_THRESHOLD_SWEEP,not_selected,30,0.2,0.369051724137931,validation_fine_grid,7,7,154.0
28,0.7567567567567568,FD004,37,0.3783783783783784,2,0.2222222222222222,21,0.75,0.8,0.2,,,0.26783824765675945,0.25,0.7777777777777778,0.4920634920634921,VALIDATION_THRESHOLD_SWEEP,not_selected,30,0.2,0.3736206896551724,validation_fine_grid,7,7,154.0
28,0.7567567567567568,FD004,37,0.3783783783783784,2,0.2222222222222222,21,0.75,0.8,0.2,,,0.26783824765675945,0.25,0.7777777777777778,0.4920634920634921,VALIDATION_THRESHOLD_SWEEP,not_selected,30,0.2,0.37818965517241376,validation_fine_grid,7,7,154.0
28,0.7567567567567568,FD004,37,0.3783783783783784,2,0.2222222222222222,21,0.75,0.8,0.2,,,0.26783824765675945,0.25,0.7777777777777778,0.4920634920634921,VALIDATION_THRESHOLD_SWEEP,not_selected,30,0.2,0.37931034482758624,validation_observed_score,7,7,154.0
27,0.7297297297297297,FD004,37,0.3888888888888889,2,0.2222222222222222,20,0.7142857142857143,0.8,0.2,,,0.26783824765675945,0.25925925925925924,0.7777777777777778,0.4920634920634921,VALIDATION_THRESHOLD_SWEEP,not_selected,30,0.2,0.38275862068965516,validation_fine_grid,8,7,154.0
27,0.7297297297297297,FD004,37,0.3888888888888889,2,0.2222222222222222,20,0.7142857142857143,0.8,0.2,,,0.26783824765675945,0.25925925925925924,0.7777777777777778,0.4920634920634921,VALIDATION_THRESHOLD_SWEEP,not_selected,30,0.2,0.38732758620689656,validation_fine_grid,8,7,154.0
27,0.7297297297297297,FD004,37,0.3888888888888889,2,0.2222222222222222,20,0.7142857142857143,0.8,0.2,,,0.26783824765675945,0.25925925925925924,0.7777777777777778,0.4920634920634921,VALIDATION_THRESHOLD_SWEEP,not_selected,30,0.2,0.3918965517241379,validation_fine_grid,8,7,154.0
27,0.7297297297297297,FD004,37,0.3888888888888889,2,0.2222222222222222,20,0.7142857142857143,0.8,0.2,,,0.26783824765675945,0.25925925925925924,0.7777777777777778,0.4920634920634921,VALIDATION_THRESHOLD_SWEEP,not_selected,30,0.2,0.3964655172413793,validation_fine_grid,8,7,154.0
27,0.7297297297297297,FD004,37,0.3888888888888889,2,0.2222222222222222,20,0.7142857142857143,0.8,0.2,,,0.26783824765675945,0.25925925925925924,0.7777777777777778,0.4920634920634921,VALIDATION_THRESHOLD_SWEEP,not_selected,30,0.2,0.4010344827586207,validation_fine_grid,8,7,154.0
27,0.7297297297297297,FD004,37,0.3888888888888889,2,0.2222222222222222,20,0.7142857142857143,0.8,0.2,,,0.26783824765675945,0.25925925925925924,0.7777777777777778,0.4920634920634921,VALIDATION_THRESHOLD_SWEEP,not_selected,30,0.2,0.40560344827586203,validation_fine_grid,8,7,154.0
27,0.7297297297297297,FD004,37,0.3888888888888889,2,0.2222222222222222,20,0.7142857142857143,0.8,0.2,,,0.26783824765675945,0.25925925925925924,0.7777777777777778,0.4920634920634921,VALIDATION_THRESHOLD_SWEEP,not_selected,30,0.2,0.4057471264367816,validation_observed_score,8,7,154.0
26,0.7027027027027027,FD004,37,0.39999999999999997,2,0.2222222222222222,19,0.6785714285714286,0.8,0.2,,,0.26783824765675945,0.2692307692307692,0.7777777777777778,0.4920634920634921,VALIDATION_THRESHOLD_SWEEP,not_selected,30,0.2,0.41017241379310343,validation_fine_grid,9,7,154.0
26,0.7027027027027027,FD004,37,0.39999999999999997,2,0.2222222222222222,19,0.6785714285714286,0.8,0.2,,,0.26783824765675945,0.2692307692307692,0.7777777777777778,0.4920634920634921,VALIDATION_THRESHOLD_SWEEP,not_selected,30,0.2,0.4147413793103448,validation_fine_grid,9,7,154.0
26,0.7027027027027027,FD004,37,0.39999999999999997,2,0.2222222222222222,19,0.6785714285714286,0.8,0.2,,,0.26783824765675945,0.2692307692307692,0.7777777777777778,0.4920634920634921,VALIDATION_THRESHOLD_SWEEP,not_selected,30,0.2,0.41931034482758617,validation_fine_grid,9,7,154.0
26,0.7027027027027027,FD004,37,0.39999999999999997,2,0.2222222222222222,19,0.6785714285714286,0.8,0.2,,,0.26783824765675945,0.2692307692307692,0.7777777777777778,0.4920634920634921,VALIDATION_THRESHOLD_SWEEP,not_selected,30,0.2,0.42387931034482756,validation_fine_grid,9,7,154.0
26,0.7027027027027027,FD004,37,0.39999999999999997,2,0.2222222222222222,19,0.6785714285714286,0.8,0.2,,,0.26783824765675945,0.2692307692307692,0.7777777777777778,0.4920634920634921,VALIDATION_THRESHOLD_SWEEP,not_selected,30,0.2,0.42413793103448283,validation_alert_rate_70pct,9,7,154.0
26,0.7027027027027027,FD004,37,0.39999999999999997,2,0.2222222222222222,19,0.6785714285714286,0.8,0.2,,,0.26783824765675945,0.2692307692307692,0.7777777777777778,0.4920634920634921,VALIDATION_THRESHOLD_SWEEP,not_selected,30,0.2,0.42844827586206896,validation_fine_grid,9,7,154.0
26,0.7027027027027027,FD004,37,0.39999999999999997,2,0.2222222222222222,19,0.6785714285714286,0.8,0.2,,,0.26783824765675945,0.2692307692307692,0.7777777777777778,0.4920634920634921,VALIDATION_THRESHOLD_SWEEP,not_selected,30,0.2,0.4287356321839081,validation_observed_score,9,7,154.0
25,0.6756756756756757,FD004,37,0.4117647058823529,2,0.2222222222222222,18,0.6428571428571429,0.8,0.2,,,0.26783824765675945,0.28,0.7777777777777778,0.4920634920634921,VALIDATION_THRESHOLD_SWEEP,not_selected,30,0.2,0.4310344827586207,validation_observed_score,10,7,154.0
24,0.6486486486486487,FD004,37,0.36363636363636365,3,0.3333333333333333,18,0.6428571428571429,0.8,0.2,,,0.26783824765675945,0.25,0.6666666666666666,0.4920634920634921,VALIDATION_THRESHOLD_SWEEP,not_selected,30,0.2,0.43301724137931036,validation_fine_grid,10,6,154.0
24,0.6486486486486487,FD004,37,0.36363636363636365,3,0.3333333333333333,18,0.6428571428571429,0.8,0.2,,,0.26783824765675945,0.25,0.6666666666666666,0.4920634920634921,VALIDATION_THRESHOLD_SWEEP,not_selected,30,0.2,0.43379310344827593,validation_alert_rate_65pct,10,6,154.0
24,0.6486486486486487,FD004,37,0.36363636363636365,3,0.3333333333333333,18,0.6428571428571429,0.8,0.2,,,0.26783824765675945,0.25,0.6666666666666666,0.4920634920634921,VALIDATION_THRESHOLD_SWEEP,not_selected,30,0.2,0.43563218390804603,validation_observed_score,10,6,154.0
23,0.6216216216216216,FD004,37,0.37500000000000006,3,0.3333333333333333,17,0.6071428571428571,0.8,0.2,,,0.26783824765675945,0.2608695652173913,0.6666666666666666,0.4920634920634921,VALIDATION_THRESHOLD_SWEEP,not_selected,30,0.2,0.4375862068965517,validation_fine_grid,11,6,154.0
23,0.6216216216216216,FD004,37,0.37500000000000006,3,0.3333333333333333,17,0.6071428571428571,0.8,0.2,,,0.26783824765675945,0.2608695652173913,0.6666666666666666,0.4920634920634921,VALIDATION_THRESHOLD_SWEEP,not_selected,30,0.2,0.4421551724137931,validation_fine_grid,11,6,154.0
23,0.6216216216216216,FD004,37,0.37500000000000006,3,0.3333333333333333,17,0.6071428571428571,0.8,0.2,,,0.26783824765675945,0.2608695652173913,0.6666666666666666,0.4920634920634921,VALIDATION_THRESHOLD_SWEEP,not_selected,30,0.2,0.4467241379310345,validation_fine_grid,11,6,154.0
23,0.6216216216216216,FD004,37,0.37500000000000006,3,0.3333333333333333,17,0.6071428571428571,0.8,0.2,,,0.26783824765675945,0.2608695652173913,0.6666666666666666,0.4920634920634921,VALIDATION_THRESHOLD_SWEEP,not_selected,30,0.2,0.45129310344827583,validation_fine_grid,11,6,154.0
23,0.6216216216216216,FD004,37,0.37500000000000006,3,0.3333333333333333,17,0.6071428571428571,0.8,0.2,,,0.26783824765675945,0.2608695652173913,0.6666666666666666,0.4920634920634921,VALIDATION_THRESHOLD_SWEEP,not_selected,30,0.2,0.45586206896551723,validation_fine_grid,11,6,154.0
23,0.6216216216216216,FD004,37,0.37500000000000006,3,0.3333333333333333,17,0.6071428571428571,0.8,0.2,,,0.26783824765675945,0.2608695652173913,0.6666666666666666,0.4920634920634921,VALIDATION_THRESHOLD_SWEEP,not_selected,30,0.2,0.4604310344827586,validation_fine_grid,11,6,154.0
23,0.6216216216216216,FD004,37,0.37500000000000006,3,0.3333333333333333,17,0.6071428571428571,0.8,0.2,,,0.26783824765675945,0.2608695652173913,0.6666666666666666,0.4920634920634921,VALIDATION_THRESHOLD_SWEEP,not_selected,30,0.2,0.46499999999999997,validation_fine_grid,11,6,154.0
23,0.6216216216216216,FD004,37,0.37500000000000006,3,0.3333333333333333,17,0.6071428571428571,0.8,0.2,,,0.26783824765675945,0.2608695652173913,0.6666666666666666,0.4920634920634921,VALIDATION_THRESHOLD_SWEEP,not_selected,30,0.2,0.46956896551724137,validation_fine_grid,11,6,154.0
23,0.6216216216216216,FD004,37,0.37500000000000006,3,0.3333333333333333,17,0.6071428571428571,0.8,0.2,,,0.26783824765675945,0.2608695652173913,0.6666666666666666,0.4920634920634921,VALIDATION_THRESHOLD_SWEEP,not_selected,30,0.2,0.47413793103448276,validation_fine_grid,11,6,154.0
23,0.6216216216216216,FD004,37,0.37500000000000006,3,0.3333333333333333,17,0.6071428571428571,0.8,0.2,,,0.26783824765675945,0.2608695652173913,0.6666666666666666,0.4920634920634921,VALIDATION_THRESHOLD_SWEEP,not_selected,30,0.2,0.47471264367816096,validation_observed_score,11,6,154.0
22,0.5945945945945946,FD004,37,0.3870967741935484,3,0.3333333333333333,16,0.5714285714285714,0.8,0.2,,,0.26783824765675945,0.2727272727272727,0.6666666666666666,0.4920634920634921,VALIDATION_THRESHOLD_SWEEP,not_selected,30,0.2,0.47839080459770117,validation_alert_rate_60pct,12,6,154.0
22,0.5945945945945946,FD004,37,0.3870967741935484,3,0.3333333333333333,16,0.5714285714285714,0.8,0.2,,,0.26783824765675945,0.2727272727272727,0.6666666666666666,0.4920634920634921,VALIDATION_THRESHOLD_SWEEP,not_selected,30,0.2,0.4787068965517241,validation_fine_grid,12,6,154.0
22,0.5945945945945946,FD004,37,0.3870967741935484,3,0.3333333333333333,16,0.5714285714285714,0.8,0.2,,,0.26783824765675945,0.2727272727272727,0.6666666666666666,0.4920634920634921,VALIDATION_THRESHOLD_SWEEP,not_selected,30,0.2,0.4832758620689655,validation_fine_grid,12,6,154.0
22,0.5945945945945946,FD004,37,0.3870967741935484,3,0.3333333333333333,16,0.5714285714285714,0.8,0.2,,,0.26783824765675945,0.2727272727272727,0.6666666666666666,0.4920634920634921,VALIDATION_THRESHOLD_SWEEP,not_selected,30,0.2,0.48390804597701154,validation_observed_score,12,6,154.0
21,0.5675675675675675,FD004,37,0.33333333333333326,4,0.4444444444444444,16,0.5714285714285714,0.8,0.2,,,0.26783824765675945,0.23809523809523808,0.5555555555555556,0.4920634920634921,VALIDATION_THRESHOLD_SWEEP,not_selected,30,0.2,0.4878448275862069,validation_fine_grid,12,5,154.0
21,0.5675675675675675,FD004,37,0.33333333333333326,4,0.4444444444444444,16,0.5714285714285714,0.8,0.2,,,0.26783824765675945,0.23809523809523808,0.5555555555555556,0.4920634920634921,VALIDATION_THRESHOLD_SWEEP,not_selected,30,0.2,0.4885057471264368,validation_observed_score,12,5,154.0
20,0.5405405405405406,FD004,37,0.2758620689655173,5,0.5555555555555556,16,0.5714285714285714,0.8,0.2,,,0.26783824765675945,0.2,0.4444444444444444,0.4920634920634921,VALIDATION_THRESHOLD_SWEEP,not_selected,30,0.2,0.4924137931034483,validation_fine_grid,12,4,154.0
20,0.5405405405405406,FD004,37,0.2758620689655173,5,0.5555555555555556,16,0.5714285714285714,0.8,0.2,,,0.26783824765675945,0.2,0.4444444444444444,0.4920634920634921,VALIDATION_THRESHOLD_SWEEP,not_selected,30,0.2,0.49264367816091953,validation_alert_rate_55pct,12,4,154.0
20,0.5405405405405406,FD004,37,0.2758620689655173,5,0.5555555555555556,16,0.5714285714285714,0.8,0.2,,,0.26783824765675945,0.2,0.4444444444444444,0.4920634920634921,VALIDATION_THRESHOLD_SWEEP,not_selected,30,0.2,0.49698275862068964,validation_fine_grid,12,4,154.0
20,0.5405405405405406,FD004,37,0.2758620689655173,5,0.5555555555555556,16,0.5714285714285714,0.8,0.2,,,0.26783824765675945,0.2,0.4444444444444444,0.4920634920634921,VALIDATION_THRESHOLD_SWEEP,not_selected,30,0.2,0.501551724137931,validation_fine_grid,12,4,154.0
20,0.5405405405405406,FD004,37,0.2758620689655173,5,0.5555555555555556,16,0.5714285714285714,0.8,0.2,,,0.26783824765675945,0.2,0.4444444444444444,0.4920634920634921,VALIDATION_THRESHOLD_SWEEP,not_selected,30,0.2,0.5061206896551724,validation_fine_grid,12,4,154.0
20,0.5405405405405406,FD004,37,0.2758620689655173,5,0.5555555555555556,16,0.5714285714285714,0.8,0.2,,,0.26783824765675945,0.2,0.4444444444444444,0.4920634920634921,VALIDATION_THRESHOLD_SWEEP,not_selected,30,0.2,0.5091954022988506,validation_observed_score,12,4,154.0
19,0.5135135135135135,FD004,37,0.2857142857142857,5,0.5555555555555556,15,0.5357142857142857,0.8,0.2,,,0.26783824765675945,0.21052631578947367,0.4444444444444444,0.4920634920634921,VALIDATION_THRESHOLD_SWEEP,not_selected,30,0.2,0.5106896551724138,validation_fine_grid,13,4,154.0
19,0.5135135135135135,FD004,37,0.2857142857142857,5,0.5555555555555556,15,0.5357142857142857,0.8,0.2,,,0.26783824765675945,0.21052631578947367,0.4444444444444444,0.4920634920634921,VALIDATION_THRESHOLD_SWEEP,not_selected,30,0.2,0.5152586206896552,validation_fine_grid,13,4,154.0
19,0.5135135135135135,FD004,37,0.2857142857142857,5,0.5555555555555556,15,0.5357142857142857,0.8,0.2,,,0.26783824765675945,0.21052631578947367,0.4444444444444444,0.4920634920634921,VALIDATION_THRESHOLD_SWEEP,not_selected,30,0.2,0.5198275862068966,validation_fine_grid,13,4,154.0
19,0.5135135135135135,FD004,37,0.2857142857142857,5,0.5555555555555556,15,0.5357142857142857,0.8,0.2,,,0.26783824765675945,0.21052631578947367,0.4444444444444444,0.4920634920634921,VALIDATION_THRESHOLD_SWEEP,not_selected,30,0.2,0.524396551724138,validation_fine_grid,13,4,154.0
19,0.5135135135135135,FD004,37,0.2857142857142857,5,0.5555555555555556,15,0.5357142857142857,0.8,0.2,,,0.26783824765675945,0.21052631578947367,0.4444444444444444,0.4920634920634921,VALIDATION_THRESHOLD_SWEEP,not_selected,30,0.2,0.5264367816091955,validation_alert_rate_50pct+validation_observed_score,13,4,154.0
18,0.4864864864864865,FD004,37,0.2222222222222222,6,0.6666666666666666,15,0.5357142857142857,0.8,0.2,,,0.26783824765675945,0.16666666666666666,0.3333333333333333,0.4920634920634921,VALIDATION_THRESHOLD_SWEEP,not_selected,30,0.2,0.5289655172413793,validation_fine_grid,13,3,154.0
18,0.4864864864864865,FD004,37,0.2222222222222222,6,0.6666666666666666,15,0.5357142857142857,0.8,0.2,,,0.26783824765675945,0.16666666666666666,0.3333333333333333,0.4920634920634921,VALIDATION_THRESHOLD_SWEEP,not_selected,30,0.2,0.5335344827586207,validation_fine_grid,13,3,154.0
18,0.4864864864864865,FD004,37,0.2222222222222222,6,0.6666666666666666,15,0.5357142857142857,0.8,0.2,,,0.26783824765675945,0.16666666666666666,0.3333333333333333,0.4920634920634921,VALIDATION_THRESHOLD_SWEEP,not_selected,30,0.2,0.5381034482758621,validation_fine_grid,13,3,154.0
18,0.4864864864864865,FD004,37,0.2222222222222222,6,0.6666666666666666,15,0.5357142857142857,0.8,0.2,,,0.26783824765675945,0.16666666666666666,0.3333333333333333,0.4920634920634921,VALIDATION_THRESHOLD_SWEEP,not_selected,30,0.2,0.5426724137931035,validation_fine_grid,13,3,154.0
18,0.4864864864864865,FD004,37,0.2222222222222222,6,0.6666666666666666,15,0.5357142857142857,0.8,0.2,,,0.26783824765675945,0.16666666666666666,0.3333333333333333,0.4920634920634921,VALIDATION_THRESHOLD_SWEEP,not_selected,30,0.2,0.5471264367816092,validation_observed_score,13,3,154.0
17,0.4594594594594595,FD004,37,0.15384615384615383,7,0.7777777777777778,15,0.5357142857142857,0.8,0.2,,,0.26783824765675945,0.11764705882352941,0.2222222222222222,0.4920634920634921,VALIDATION_THRESHOLD_SWEEP,not_selected,30,0.2,0.5472413793103449,validation_fine_grid,13,2,154.0
17,0.4594594594594595,FD004,37,0.15384615384615383,7,0.7777777777777778,15,0.5357142857142857,0.8,0.2,,,0.26783824765675945,0.11764705882352941,0.2222222222222222,0.4920634920634921,VALIDATION_THRESHOLD_SWEEP,not_selected,30,0.2,0.5518103448275863,validation_fine_grid,13,2,154.0
17,0.4594594594594595,FD004,37,0.15384615384615383,7,0.7777777777777778,15,0.5357142857142857,0.8,0.2,,,0.26783824765675945,0.11764705882352941,0.2222222222222222,0.4920634920634921,VALIDATION_THRESHOLD_SWEEP,not_selected,30,0.2,0.5544827586206897,validation_alert_rate_45pct,13,2,154.0
17,0.4594594594594595,FD004,37,0.15384615384615383,7,0.7777777777777778,15,0.5357142857142857,0.8,0.2,,,0.26783824765675945,0.11764705882352941,0.2222222222222222,0.4920634920634921,VALIDATION_THRESHOLD_SWEEP,not_selected,30,0.2,0.5563218390804598,validation_observed_score,13,2,154.0
16,0.43243243243243246,FD004,37,0.16,7,0.7777777777777778,14,0.5,0.8,0.2,,,0.26783824765675945,0.125,0.2222222222222222,0.4920634920634921,VALIDATION_THRESHOLD_SWEEP,not_selected,30,0.2,0.5563793103448277,validation_fine_grid,14,2,154.0
16,0.43243243243243246,FD004,37,0.16,7,0.7777777777777778,14,0.5,0.8,0.2,,,0.26783824765675945,0.125,0.2222222222222222,0.4920634920634921,VALIDATION_THRESHOLD_SWEEP,not_selected,30,0.2,0.560948275862069,validation_fine_grid,14,2,154.0
16,0.43243243243243246,FD004,37,0.16,7,0.7777777777777778,14,0.5,0.8,0.2,,,0.26783824765675945,0.125,0.2222222222222222,0.4920634920634921,VALIDATION_THRESHOLD_SWEEP,not_selected,30,0.2,0.5655172413793104,validation_fine_grid+validation_observed_score,14,2,154.0
15,0.40540540540540543,FD004,37,0.16666666666666669,7,0.7777777777777778,13,0.4642857142857143,0.8,0.2,,,0.26783824765675945,0.13333333333333333,0.2222222222222222,0.4920634920634921,VALIDATION_THRESHOLD_SWEEP,not_selected,30,0.2,0.5675862068965517,validation_alert_rate_40pct,15,2,154.0
15,0.40540540540540543,FD004,37,0.16666666666666669,7,0.7777777777777778,13,0.4642857142857143,0.8,0.2,,,0.26783824765675945,0.13333333333333333,0.2222222222222222,0.4920634920634921,VALIDATION_THRESHOLD_SWEEP,not_selected,30,0.2,0.5689655172413793,validation_observed_score,15,2,154.0
14,0.3783783783783784,FD004,37,0.17391304347826086,7,0.7777777777777778,12,0.42857142857142855,0.8,0.2,,,0.26783824765675945,0.14285714285714285,0.2222222222222222,0.4920634920634921,VALIDATION_THRESHOLD_SWEEP,not_selected,30,0.2,0.5700862068965518,validation_fine_grid,16,2,154.0
14,0.3783783783783784,FD004,37,0.17391304347826086,7,0.7777777777777778,12,0.42857142857142855,0.8,0.2,,,0.26783824765675945,0.14285714285714285,0.2222222222222222,0.4920634920634921,VALIDATION_THRESHOLD_SWEEP,not_selected,30,0.2,0.5746551724137932,validation_fine_grid,16,2,154.0
14,0.3783783783783784,FD004,37,0.17391304347826086,7,0.7777777777777778,12,0.42857142857142855,0.8,0.2,,,0.26783824765675945,0.14285714285714285,0.2222222222222222,0.4920634920634921,VALIDATION_THRESHOLD_SWEEP,not_selected,30,0.2,0.5792241379310346,validation_fine_grid,16,2,154.0
14,0.3783783783783784,FD004,37,0.17391304347826086,7,0.7777777777777778,12,0.42857142857142855,0.8,0.2,,,0.26783824765675945,0.14285714285714285,0.2222222222222222,0.4920634920634921,VALIDATION_THRESHOLD_SWEEP,not_selected,30,0.2,0.583793103448276,validation_fine_grid,16,2,154.0
14,0.3783783783783784,FD004,37,0.17391304347826086,7,0.7777777777777778,12,0.42857142857142855,0.8,0.2,,,0.26783824765675945,0.14285714285714285,0.2222222222222222,0.4920634920634921,VALIDATION_THRESHOLD_SWEEP,not_selected,30,0.2,0.5883620689655172,validation_fine_grid,16,2,154.0
14,0.3783783783783784,FD004,37,0.17391304347826086,7,0.7777777777777778,12,0.42857142857142855,0.8,0.2,,,0.26783824765675945,0.14285714285714285,0.2222222222222222,0.4920634920634921,VALIDATION_THRESHOLD_SWEEP,not_selected,30,0.2,0.5929310344827586,validation_fine_grid,16,2,154.0
14,0.3783783783783784,FD004,37,0.17391304347826086,7,0.7777777777777778,12,0.42857142857142855,0.8,0.2,,,0.26783824765675945,0.14285714285714285,0.2222222222222222,0.4920634920634921,VALIDATION_THRESHOLD_SWEEP,not_selected,30,0.2,0.5975,validation_fine_grid,16,2,154.0
14,0.3783783783783784,FD004,37,0.17391304347826086,7,0.7777777777777778,12,0.42857142857142855,0.8,0.2,,,0.26783824765675945,0.14285714285714285,0.2222222222222222,0.4920634920634921,VALIDATION_THRESHOLD_SWEEP,not_selected,30,0.2,0.6020689655172414,validation_fine_grid,16,2,154.0
14,0.3783783783783784,FD004,37,0.17391304347826086,7,0.7777777777777778,12,0.42857142857142855,0.8,0.2,,,0.26783824765675945,0.14285714285714285,0.2222222222222222,0.4920634920634921,VALIDATION_THRESHOLD_SWEEP,not_selected,30,0.2,0.6022988505747127,validation_observed_score,16,2,154.0
13,0.35135135135135137,FD004,37,0.18181818181818185,7,0.7777777777777778,11,0.39285714285714285,0.8,0.2,,,0.26783824765675945,0.15384615384615385,0.2222222222222222,0.4920634920634921,VALIDATION_THRESHOLD_SWEEP,not_selected,30,0.2,0.6066379310344828,validation_fine_grid,17,2,154.0
13,0.35135135135135137,FD004,37,0.18181818181818185,7,0.7777777777777778,11,0.39285714285714285,0.8,0.2,,,0.26783824765675945,0.15384615384615385,0.2222222222222222,0.4920634920634921,VALIDATION_THRESHOLD_SWEEP,not_selected,30,0.2,0.6112068965517242,validation_fine_grid,17,2,154.0
13,0.35135135135135137,FD004,37,0.18181818181818185,7,0.7777777777777778,11,0.39285714285714285,0.8,0.2,,,0.26783824765675945,0.15384615384615385,0.2222222222222222,0.4920634920634921,VALIDATION_THRESHOLD_SWEEP,not_selected,30,0.2,0.6157758620689656,validation_fine_grid,17,2,154.0
13,0.35135135135135137,FD004,37,0.18181818181818185,7,0.7777777777777778,11,0.39285714285714285,0.8,0.2,,,0.26783824765675945,0.15384615384615385,0.2222222222222222,0.4920634920634921,VALIDATION_THRESHOLD_SWEEP,not_selected,30,0.2,0.6183908045977012,validation_alert_rate_35pct,17,2,154.0
13,0.35135135135135137,FD004,37,0.18181818181818185,7,0.7777777777777778,11,0.39285714285714285,0.8,0.2,,,0.26783824765675945,0.15384615384615385,0.2222222222222222,0.4920634920634921,VALIDATION_THRESHOLD_SWEEP,not_selected,30,0.2,0.6203448275862069,validation_fine_grid,17,2,154.0
13,0.35135135135135137,FD004,37,0.18181818181818185,7,0.7777777777777778,11,0.39285714285714285,0.8,0.2,,,0.26783824765675945,0.15384615384615385,0.2222222222222222,0.4920634920634921,VALIDATION_THRESHOLD_SWEEP,not_selected,30,0.2,0.6249137931034483,validation_fine_grid,17,2,154.0
13,0.35135135135135137,FD004,37,0.18181818181818185,7,0.7777777777777778,11,0.39285714285714285,0.8,0.2,,,0.26783824765675945,0.15384615384615385,0.2222222222222222,0.4920634920634921,VALIDATION_THRESHOLD_SWEEP,not_selected,30,0.2,0.6294827586206897,validation_fine_grid,17,2,154.0
13,0.35135135135135137,FD004,37,0.18181818181818185,7,0.7777777777777778,11,0.39285714285714285,0.8,0.2,,,0.26783824765675945,0.15384615384615385,0.2222222222222222,0.4920634920634921,VALIDATION_THRESHOLD_SWEEP,not_selected,30,0.2,0.6340517241379311,validation_fine_grid,17,2,154.0
13,0.35135135135135137,FD004,37,0.18181818181818185,7,0.7777777777777778,11,0.39285714285714285,0.8,0.2,,,0.26783824765675945,0.15384615384615385,0.2222222222222222,0.4920634920634921,VALIDATION_THRESHOLD_SWEEP,not_selected,30,0.2,0.6386206896551725,validation_fine_grid,17,2,154.0
13,0.35135135135135137,FD004,37,0.18181818181818185,7,0.7777777777777778,11,0.39285714285714285,0.8,0.2,,,0.26783824765675945,0.15384615384615385,0.2222222222222222,0.4920634920634921,VALIDATION_THRESHOLD_SWEEP,not_selected,30,0.2,0.6425287356321839,validation_observed_score,17,2,154.0
12,0.32432432432432434,FD004,37,0.1904761904761905,7,0.7777777777777778,10,0.35714285714285715,0.8,0.2,,,0.26783824765675945,0.16666666666666666,0.2222222222222222,0.4920634920634921,VALIDATION_THRESHOLD_SWEEP,not_selected,30,0.2,0.6431896551724139,validation_fine_grid,18,2,154.0
12,0.32432432432432434,FD004,37,0.1904761904761905,7,0.7777777777777778,10,0.35714285714285715,0.8,0.2,,,0.26783824765675945,0.16666666666666666,0.2222222222222222,0.4920634920634921,VALIDATION_THRESHOLD_SWEEP,not_selected,30,0.2,0.6477586206896552,validation_fine_grid,18,2,154.0
12,0.32432432432432434,FD004,37,0.1904761904761905,7,0.7777777777777778,10,0.35714285714285715,0.8,0.2,,,0.26783824765675945,0.16666666666666666,0.2222222222222222,0.4920634920634921,VALIDATION_THRESHOLD_SWEEP,not_selected,30,0.2,0.6523275862068966,validation_fine_grid,18,2,154.0
12,0.32432432432432434,FD004,37,0.1904761904761905,7,0.7777777777777778,10,0.35714285714285715,0.8,0.2,,,0.26783824765675945,0.16666666666666666,0.2222222222222222,0.4920634920634921,VALIDATION_THRESHOLD_SWEEP,not_selected,30,0.2,0.656896551724138,validation_fine_grid,18,2,154.0
12,0.32432432432432434,FD004,37,0.1904761904761905,7,0.7777777777777778,10,0.35714285714285715,0.8,0.2,,,0.26783824765675945,0.16666666666666666,0.2222222222222222,0.4920634920634921,VALIDATION_THRESHOLD_SWEEP,not_selected,30,0.2,0.6614655172413794,validation_fine_grid,18,2,154.0
12,0.32432432432432434,FD004,37,0.1904761904761905,7,0.7777777777777778,10,0.35714285714285715,0.8,0.2,,,0.26783824765675945,0.16666666666666666,0.2222222222222222,0.4920634920634921,VALIDATION_THRESHOLD_SWEEP,not_selected,30,0.2,0.6660344827586208,validation_fine_grid,18,2,154.0
12,0.32432432432432434,FD004,37,0.1904761904761905,7,0.7777777777777778,10,0.35714285714285715,0.8,0.2,,,0.26783824765675945,0.16666666666666666,0.2222222222222222,0.4920634920634921,VALIDATION_THRESHOLD_SWEEP,not_selected,30,0.2,0.6706034482758622,validation_fine_grid,18,2,154.0
12,0.32432432432432434,FD004,37,0.1904761904761905,7,0.7777777777777778,10,0.35714285714285715,0.8,0.2,,,0.26783824765675945,0.16666666666666666,0.2222222222222222,0.4920634920634921,VALIDATION_THRESHOLD_SWEEP,not_selected,30,0.2,0.6751724137931036,validation_fine_grid,18,2,154.0
12,0.32432432432432434,FD004,37,0.1904761904761905,7,0.7777777777777778,10,0.35714285714285715,0.8,0.2,,,0.26783824765675945,0.16666666666666666,0.2222222222222222,0.4920634920634921,VALIDATION_THRESHOLD_SWEEP,not_selected,30,0.2,0.6793103448275861,validation_observed_score,18,2,154.0
11,0.2972972972972973,FD004,37,0.19999999999999998,7,0.7777777777777778,9,0.32142857142857145,0.8,0.2,,,0.26783824765675945,0.18181818181818182,0.2222222222222222,0.4920634920634921,VALIDATION_THRESHOLD_SWEEP,not_selected,30,0.2,0.6797413793103448,validation_fine_grid,19,2,154.0
11,0.2972972972972973,FD004,37,0.19999999999999998,7,0.7777777777777778,9,0.32142857142857145,0.8,0.2,,,0.26783824765675945,0.18181818181818182,0.2222222222222222,0.4920634920634921,VALIDATION_THRESHOLD_SWEEP,not_selected,30,0.2,0.6806896551724138,validation_alert_rate_30pct,19,2,154.0
11,0.2972972972972973,FD004,37,0.19999999999999998,7,0.7777777777777778,9,0.32142857142857145,0.8,0.2,,,0.26783824765675945,0.18181818181818182,0.2222222222222222,0.4920634920634921,VALIDATION_THRESHOLD_SWEEP,not_selected,30,0.2,0.6843103448275862,validation_fine_grid,19,2,154.0
11,0.2972972972972973,FD004,37,0.19999999999999998,7,0.7777777777777778,9,0.32142857142857145,0.8,0.2,,,0.26783824765675945,0.18181818181818182,0.2222222222222222,0.4920634920634921,VALIDATION_THRESHOLD_SWEEP,not_selected,30,0.2,0.6862068965517242,validation_observed_score,19,2,154.0
10,0.2702702702702703,FD004,37,0.2105263157894737,7,0.7777777777777778,8,0.2857142857142857,0.8,0.2,,,0.26783824765675945,0.2,0.2222222222222222,0.4920634920634921,VALIDATION_THRESHOLD_SWEEP,not_selected,30,0.2,0.6888793103448276,validation_fine_grid,20,2,154.0
10,0.2702702702702703,FD004,37,0.2105263157894737,7,0.7777777777777778,8,0.2857142857142857,0.8,0.2,,,0.26783824765675945,0.2,0.2222222222222222,0.4920634920634921,VALIDATION_THRESHOLD_SWEEP,not_selected,30,0.2,0.693448275862069,validation_fine_grid,20,2,154.0
10,0.2702702702702703,FD004,37,0.2105263157894737,7,0.7777777777777778,8,0.2857142857142857,0.8,0.2,,,0.26783824765675945,0.2,0.2222222222222222,0.4920634920634921,VALIDATION_THRESHOLD_SWEEP,not_selected,30,0.2,0.6980172413793104,validation_fine_grid,20,2,154.0
10,0.2702702702702703,FD004,37,0.2105263157894737,7,0.7777777777777778,8,0.2857142857142857,0.8,0.2,,,0.26783824765675945,0.2,0.2222222222222222,0.4920634920634921,VALIDATION_THRESHOLD_SWEEP,not_selected,30,0.2,0.7025862068965518,validation_fine_grid,20,2,154.0
10,0.2702702702702703,FD004,37,0.2105263157894737,7,0.7777777777777778,8,0.2857142857142857,0.8,0.2,,,0.26783824765675945,0.2,0.2222222222222222,0.4920634920634921,VALIDATION_THRESHOLD_SWEEP,not_selected,30,0.2,0.7071551724137931,validation_fine_grid,20,2,154.0
10,0.2702702702702703,FD004,37,0.2105263157894737,7,0.7777777777777778,8,0.2857142857142857,0.8,0.2,,,0.26783824765675945,0.2,0.2222222222222222,0.4920634920634921,VALIDATION_THRESHOLD_SWEEP,not_selected,30,0.2,0.7117241379310345,validation_fine_grid,20,2,154.0
10,0.2702702702702703,FD004,37,0.2105263157894737,7,0.7777777777777778,8,0.2857142857142857,0.8,0.2,,,0.26783824765675945,0.2,0.2222222222222222,0.4920634920634921,VALIDATION_THRESHOLD_SWEEP,not_selected,30,0.2,0.7162931034482759,validation_fine_grid,20,2,154.0
10,0.2702702702702703,FD004,37,0.2105263157894737,7,0.7777777777777778,8,0.2857142857142857,0.8,0.2,,,0.26783824765675945,0.2,0.2222222222222222,0.4920634920634921,VALIDATION_THRESHOLD_SWEEP,not_selected,30,0.2,0.7208620689655173,validation_fine_grid,20,2,154.0
10,0.2702702702702703,FD004,37,0.2105263157894737,7,0.7777777777777778,8,0.2857142857142857,0.8,0.2,,,0.26783824765675945,0.2,0.2222222222222222,0.4920634920634921,VALIDATION_THRESHOLD_SWEEP,not_selected,30,0.2,0.7241379310344828,validation_alert_rate_25pct+validation_observed_score,20,2,154.0
9,0.24324324324324326,FD004,37,0.2222222222222222,7,0.7777777777777778,7,0.25,0.8,0.2,,,0.26783824765675945,0.2222222222222222,0.2222222222222222,0.4920634920634921,VALIDATION_THRESHOLD_SWEEP,not_selected,30,0.2,0.7254310344827587,validation_fine_grid,21,2,154.0
9,0.24324324324324326,FD004,37,0.2222222222222222,7,0.7777777777777778,7,0.25,0.8,0.2,,,0.26783824765675945,0.2222222222222222,0.2222222222222222,0.4920634920634921,VALIDATION_THRESHOLD_SWEEP,not_selected,30,0.2,0.7300000000000001,validation_fine_grid,21,2,154.0
9,0.24324324324324326,FD004,37,0.2222222222222222,7,0.7777777777777778,7,0.25,0.8,0.2,,,0.26783824765675945,0.2222222222222222,0.2222222222222222,0.4920634920634921,VALIDATION_THRESHOLD_SWEEP,not_selected,30,0.2,0.732183908045977,validation_observed_score,21,2,154.0
8,0.21621621621621623,FD004,37,0.23529411764705882,7,0.7777777777777778,6,0.21428571428571427,0.8,0.2,,,0.26783824765675945,0.25,0.2222222222222222,0.4920634920634921,VALIDATION_THRESHOLD_SWEEP,not_selected,30,0.2,0.7345689655172414,validation_fine_grid,22,2,154.0
8,0.21621621621621623,FD004,37,0.23529411764705882,7,0.7777777777777778,6,0.21428571428571427,0.8,0.2,,,0.26783824765675945,0.25,0.2222222222222222,0.4920634920634921,VALIDATION_THRESHOLD_SWEEP,not_selected,30,0.2,0.7391379310344828,validation_fine_grid,22,2,154.0
8,0.21621621621621623,FD004,37,0.23529411764705882,7,0.7777777777777778,6,0.21428571428571427,0.8,0.2,,,0.26783824765675945,0.25,0.2222222222222222,0.4920634920634921,VALIDATION_THRESHOLD_SWEEP,not_selected,30,0.2,0.7432183908045977,validation_alert_rate_20pct,22,2,154.0
8,0.21621621621621623,FD004,37,0.23529411764705882,7,0.7777777777777778,6,0.21428571428571427,0.8,0.2,,,0.26783824765675945,0.25,0.2222222222222222,0.4920634920634921,VALIDATION_THRESHOLD_SWEEP,not_selected,30,0.2,0.7437068965517242,validation_fine_grid,22,2,154.0
8,0.21621621621621623,FD004,37,0.23529411764705882,7,0.7777777777777778,6,0.21428571428571427,0.8,0.2,,,0.26783824765675945,0.25,0.2222222222222222,0.4920634920634921,VALIDATION_THRESHOLD_SWEEP,not_selected,30,0.2,0.7459770114942529,validation_observed_score,22,2,154.0
7,0.1891891891891892,FD004,37,0.25,7,0.7777777777777778,5,0.17857142857142858,0.8,0.2,,,0.26783824765675945,0.2857142857142857,0.2222222222222222,0.4920634920634921,VALIDATION_THRESHOLD_SWEEP,not_selected,30,0.2,0.7482758620689656,validation_fine_grid,23,2,154.0
7,0.1891891891891892,FD004,37,0.25,7,0.7777777777777778,5,0.17857142857142858,0.8,0.2,,,0.26783824765675945,0.2857142857142857,0.2222222222222222,0.4920634920634921,VALIDATION_THRESHOLD_SWEEP,not_selected,30,0.2,0.752844827586207,validation_fine_grid,23,2,154.0
7,0.1891891891891892,FD004,37,0.25,7,0.7777777777777778,5,0.17857142857142858,0.8,0.2,,,0.26783824765675945,0.2857142857142857,0.2222222222222222,0.4920634920634921,VALIDATION_THRESHOLD_SWEEP,not_selected,30,0.2,0.7574137931034484,validation_fine_grid,23,2,154.0
7,0.1891891891891892,FD004,37,0.25,7,0.7777777777777778,5,0.17857142857142858,0.8,0.2,,,0.26783824765675945,0.2857142857142857,0.2222222222222222,0.4920634920634921,VALIDATION_THRESHOLD_SWEEP,not_selected,30,0.2,0.7619827586206898,validation_fine_grid,23,2,154.0
7,0.1891891891891892,FD004,37,0.25,7,0.7777777777777778,5,0.17857142857142858,0.8,0.2,,,0.26783824765675945,0.2857142857142857,0.2222222222222222,0.4920634920634921,VALIDATION_THRESHOLD_SWEEP,not_selected,30,0.2,0.7632183908045977,validation_observed_score,23,2,154.0
6,0.16216216216216217,FD004,37,0.26666666666666666,7,0.7777777777777778,4,0.14285714285714285,0.8,0.2,,,0.26783824765675945,0.3333333333333333,0.2222222222222222,0.4920634920634921,VALIDATION_THRESHOLD_SWEEP,not_selected,30,0.2,0.766551724137931,validation_fine_grid,24,2,154.0
6,0.16216216216216217,FD004,37,0.26666666666666666,7,0.7777777777777778,4,0.14285714285714285,0.8,0.2,,,0.26783824765675945,0.3333333333333333,0.2222222222222222,0.4920634920634921,VALIDATION_THRESHOLD_SWEEP,not_selected,30,0.2,0.7711206896551724,validation_fine_grid,24,2,154.0
6,0.16216216216216217,FD004,37,0.26666666666666666,7,0.7777777777777778,4,0.14285714285714285,0.8,0.2,,,0.26783824765675945,0.3333333333333333,0.2222222222222222,0.4920634920634921,VALIDATION_THRESHOLD_SWEEP,not_selected,30,0.2,0.7756896551724138,validation_fine_grid,24,2,154.0
6,0.16216216216216217,FD004,37,0.26666666666666666,7,0.7777777777777778,4,0.14285714285714285,0.8,0.2,,,0.26783824765675945,0.3333333333333333,0.2222222222222222,0.4920634920634921,VALIDATION_THRESHOLD_SWEEP,not_selected,30,0.2,0.7790804597701149,validation_alert_rate_15pct,24,2,154.0
6,0.16216216216216217,FD004,37,0.26666666666666666,7,0.7777777777777778,4,0.14285714285714285,0.8,0.2,,,0.26783824765675945,0.3333333333333333,0.2222222222222222,0.4920634920634921,VALIDATION_THRESHOLD_SWEEP,not_selected,30,0.2,0.7802586206896552,validation_fine_grid,24,2,154.0
6,0.16216216216216217,FD004,37,0.26666666666666666,7,0.7777777777777778,4,0.14285714285714285,0.8,0.2,,,0.26783824765675945,0.3333333333333333,0.2222222222222222,0.4920634920634921,VALIDATION_THRESHOLD_SWEEP,not_selected,30,0.2,0.7848275862068966,validation_fine_grid,24,2,154.0
6,0.16216216216216217,FD004,37,0.26666666666666666,7,0.7777777777777778,4,0.14285714285714285,0.8,0.2,,,0.26783824765675945,0.3333333333333333,0.2222222222222222,0.4920634920634921,VALIDATION_THRESHOLD_SWEEP,not_selected,30,0.2,0.789396551724138,validation_fine_grid,24,2,154.0
6,0.16216216216216217,FD004,37,0.26666666666666666,7,0.7777777777777778,4,0.14285714285714285,0.8,0.2,,,0.26783824765675945,0.3333333333333333,0.2222222222222222,0.4920634920634921,VALIDATION_THRESHOLD_SWEEP,not_selected,30,0.2,0.7896551724137931,validation_observed_score,24,2,154.0
5,0.13513513513513514,FD004,37,0.14285714285714285,8,0.8888888888888888,4,0.14285714285714285,0.8,0.2,,,0.26783824765675945,0.2,0.1111111111111111,0.4920634920634921,VALIDATION_THRESHOLD_SWEEP,not_selected,30,0.2,0.7939655172413793,validation_fine_grid,24,1,154.0
5,0.13513513513513514,FD004,37,0.14285714285714285,8,0.8888888888888888,4,0.14285714285714285,0.8,0.2,,,0.26783824765675945,0.2,0.1111111111111111,0.4920634920634921,VALIDATION_THRESHOLD_SWEEP,not_selected,30,0.2,0.7985344827586207,validation_fine_grid,24,1,154.0
5,0.13513513513513514,FD004,37,0.14285714285714285,8,0.8888888888888888,4,0.14285714285714285,0.8,0.2,,,0.26783824765675945,0.2,0.1111111111111111,0.4920634920634921,VALIDATION_THRESHOLD_SWEEP,not_selected,30,0.2,0.8031034482758621,validation_fine_grid,24,1,154.0
5,0.13513513513513514,FD004,37,0.14285714285714285,8,0.8888888888888888,4,0.14285714285714285,0.8,0.2,,,0.26783824765675945,0.2,0.1111111111111111,0.4920634920634921,VALIDATION_THRESHOLD_SWEEP,not_selected,30,0.2,0.8076724137931035,validation_fine_grid,24,1,154.0
5,0.13513513513513514,FD004,37,0.14285714285714285,8,0.8888888888888888,4,0.14285714285714285,0.8,0.2,,,0.26783824765675945,0.2,0.1111111111111111,0.4920634920634921,VALIDATION_THRESHOLD_SWEEP,not_selected,30,0.2,0.8122413793103449,validation_fine_grid,24,1,154.0
5,0.13513513513513514,FD004,37,0.14285714285714285,8,0.8888888888888888,4,0.14285714285714285,0.8,0.2,,,0.26783824765675945,0.2,0.1111111111111111,0.4920634920634921,VALIDATION_THRESHOLD_SWEEP,not_selected,30,0.2,0.8168103448275863,validation_fine_grid,24,1,154.0
5,0.13513513513513514,FD004,37,0.14285714285714285,8,0.8888888888888888,4,0.14285714285714285,0.8,0.2,,,0.26783824765675945,0.2,0.1111111111111111,0.4920634920634921,VALIDATION_THRESHOLD_SWEEP,not_selected,30,0.2,0.8213793103448276,validation_fine_grid,24,1,154.0
5,0.13513513513513514,FD004,37,0.14285714285714285,8,0.8888888888888888,4,0.14285714285714285,0.8,0.2,,,0.26783824765675945,0.2,0.1111111111111111,0.4920634920634921,VALIDATION_THRESHOLD_SWEEP,not_selected,30,0.2,0.825948275862069,validation_fine_grid,24,1,154.0
5,0.13513513513513514,FD004,37,0.14285714285714285,8,0.8888888888888888,4,0.14285714285714285,0.8,0.2,,,0.26783824765675945,0.2,0.1111111111111111,0.4920634920634921,VALIDATION_THRESHOLD_SWEEP,not_selected,30,0.2,0.8264367816091955,validation_observed_score,24,1,154.0
4,0.10810810810810811,FD004,37,0.15384615384615383,8,0.8888888888888888,3,0.10714285714285714,0.8,0.2,,,0.26783824765675945,0.25,0.1111111111111111,0.4920634920634921,VALIDATION_THRESHOLD_SWEEP,not_selected,30,0.2,0.8305172413793104,validation_fine_grid,25,1,154.0
4,0.10810810810810811,FD004,37,0.15384615384615383,8,0.8888888888888888,3,0.10714285714285714,0.8,0.2,,,0.26783824765675945,0.25,0.1111111111111111,0.4920634920634921,VALIDATION_THRESHOLD_SWEEP,not_selected,30,0.2,0.8350862068965518,validation_fine_grid,25,1,154.0
4,0.10810810810810811,FD004,37,0.15384615384615383,8,0.8888888888888888,3,0.10714285714285714,0.8,0.2,,,0.26783824765675945,0.25,0.1111111111111111,0.4920634920634921,VALIDATION_THRESHOLD_SWEEP,not_selected,30,0.2,0.8396551724137932,validation_fine_grid,25,1,154.0
4,0.10810810810810811,FD004,37,0.15384615384615383,8,0.8888888888888888,3,0.10714285714285714,0.8,0.2,,,0.26783824765675945,0.25,0.1111111111111111,0.4920634920634921,VALIDATION_THRESHOLD_SWEEP,not_selected,30,0.2,0.8402298850574713,validation_alert_rate_10pct,25,1,154.0
4,0.10810810810810811,FD004,37,0.15384615384615383,8,0.8888888888888888,3,0.10714285714285714,0.8,0.2,,,0.26783824765675945,0.25,0.1111111111111111,0.4920634920634921,VALIDATION_THRESHOLD_SWEEP,not_selected,30,0.2,0.8442241379310346,validation_fine_grid,25,1,154.0
4,0.10810810810810811,FD004,37,0.15384615384615383,8,0.8888888888888888,3,0.10714285714285714,0.8,0.2,,,0.26783824765675945,0.25,0.1111111111111111,0.4920634920634921,VALIDATION_THRESHOLD_SWEEP,not_selected,30,0.2,0.848793103448276,validation_fine_grid,25,1,154.0
4,0.10810810810810811,FD004,37,0.15384615384615383,8,0.8888888888888888,3,0.10714285714285714,0.8,0.2,,,0.26783824765675945,0.25,0.1111111111111111,0.4920634920634921,VALIDATION_THRESHOLD_SWEEP,not_selected,30,0.2,0.8533620689655173,validation_fine_grid,25,1,154.0
4,0.10810810810810811,FD004,37,0.15384615384615383,8,0.8888888888888888,3,0.10714285714285714,0.8,0.2,,,0.26783824765675945,0.25,0.1111111111111111,0.4920634920634921,VALIDATION_THRESHOLD_SWEEP,not_selected,30,0.2,0.8579310344827586,validation_fine_grid,25,1,154.0
4,0.10810810810810811,FD004,37,0.15384615384615383,8,0.8888888888888888,3,0.10714285714285714,0.8,0.2,,,0.26783824765675945,0.25,0.1111111111111111,0.4920634920634921,VALIDATION_THRESHOLD_SWEEP,not_selected,30,0.2,0.860919540229885,validation_observed_score,25,1,154.0
3,0.08108108108108109,FD004,37,0.16666666666666666,8,0.8888888888888888,2,0.07142857142857142,0.8,0.2,,,0.26783824765675945,0.3333333333333333,0.1111111111111111,0.4920634920634921,VALIDATION_THRESHOLD_SWEEP,not_selected,30,0.2,0.8609195402298851,validation_observed_score,26,1,154.0
2,0.05405405405405406,FD004,37,,9,1.0,2,0.07142857142857142,0.8,0.2,,,0.26783824765675945,0.0,0.0,0.4920634920634921,VALIDATION_THRESHOLD_SWEEP,not_selected,30,0.2,0.8625,validation_fine_grid,26,0,154.0
2,0.05405405405405406,FD004,37,,9,1.0,2,0.07142857142857142,0.8,0.2,,,0.26783824765675945,0.0,0.0,0.4920634920634921,VALIDATION_THRESHOLD_SWEEP,not_selected,30,0.2,0.8655172413793104,validation_observed_score,26,0,154.0
1,0.02702702702702703,FD004,37,,9,1.0,1,0.03571428571428571,0.8,0.2,,,0.26783824765675945,0.0,0.0,0.4920634920634921,VALIDATION_THRESHOLD_SWEEP,not_selected,30,0.2,0.8670689655172414,validation_fine_grid,27,0,154.0
1,0.02702702702702703,FD004,37,,9,1.0,1,0.03571428571428571,0.8,0.2,,,0.26783824765675945,0.0,0.0,0.4920634920634921,VALIDATION_THRESHOLD_SWEEP,not_selected,30,0.2,0.8716379310344828,validation_fine_grid,27,0,154.0
1,0.02702702702702703,FD004,37,,9,1.0,1,0.03571428571428571,0.8,0.2,,,0.26783824765675945,0.0,0.0,0.4920634920634921,VALIDATION_THRESHOLD_SWEEP,not_selected,30,0.2,0.8762068965517242,validation_fine_grid,27,0,154.0
1,0.02702702702702703,FD004,37,,9,1.0,1,0.03571428571428571,0.8,0.2,,,0.26783824765675945,0.0,0.0,0.4920634920634921,VALIDATION_THRESHOLD_SWEEP,not_selected,30,0.2,0.8807758620689655,validation_fine_grid,27,0,154.0
1,0.02702702702702703,FD004,37,,9,1.0,1,0.03571428571428571,0.8,0.2,,,0.26783824765675945,0.0,0.0,0.4920634920634921,VALIDATION_THRESHOLD_SWEEP,not_selected,30,0.2,0.8853448275862069,validation_fine_grid,27,0,154.0
1,0.02702702702702703,FD004,37,,9,1.0,1,0.03571428571428571,0.8,0.2,,,0.26783824765675945,0.0,0.0,0.4920634920634921,VALIDATION_THRESHOLD_SWEEP,not_selected,30,0.2,0.8899137931034483,validation_fine_grid,27,0,154.0
1,0.02702702702702703,FD004,37,,9,1.0,1,0.03571428571428571,0.8,0.2,,,0.26783824765675945,0.0,0.0,0.4920634920634921,VALIDATION_THRESHOLD_SWEEP,not_selected,30,0.2,0.8944827586206897,validation_fine_grid,27,0,154.0
1,0.02702702702702703,FD004,37,,9,1.0,1,0.03571428571428571,0.8,0.2,,,0.26783824765675945,0.0,0.0,0.4920634920634921,VALIDATION_THRESHOLD_SWEEP,not_selected,30,0.2,0.8990517241379311,validation_fine_grid,27,0,154.0
1,0.02702702702702703,FD004,37,,9,1.0,1,0.03571428571428571,0.8,0.2,,,0.26783824765675945,0.0,0.0,0.4920634920634921,VALIDATION_THRESHOLD_SWEEP,not_selected,30,0.2,0.9036206896551725,validation_fine_grid,27,0,154.0
1,0.02702702702702703,FD004,37,,9,1.0,1,0.03571428571428571,0.8,0.2,,,0.26783824765675945,0.0,0.0,0.4920634920634921,VALIDATION_THRESHOLD_SWEEP,not_selected,30,0.2,0.9081896551724139,validation_fine_grid,27,0,154.0
1,0.02702702702702703,FD004,37,,9,1.0,1,0.03571428571428571,0.8,0.2,,,0.26783824765675945,0.0,0.0,0.4920634920634921,VALIDATION_THRESHOLD_SWEEP,not_selected,30,0.2,0.9127586206896552,validation_fine_grid,27,0,154.0
1,0.02702702702702703,FD004,37,,9,1.0,1,0.03571428571428571,0.8,0.2,,,0.26783824765675945,0.0,0.0,0.4920634920634921,VALIDATION_THRESHOLD_SWEEP,not_selected,30,0.2,0.9173275862068966,validation_fine_grid,27,0,154.0
1,0.02702702702702703,FD004,37,,9,1.0,1,0.03571428571428571,0.8,0.2,,,0.26783824765675945,0.0,0.0,0.4920634920634921,VALIDATION_THRESHOLD_SWEEP,not_selected,30,0.2,0.921896551724138,validation_fine_grid,27,0,154.0
1,0.02702702702702703,FD004,37,,9,1.0,1,0.03571428571428571,0.8,0.2,,,0.26783824765675945,0.0,0.0,0.4920634920634921,VALIDATION_THRESHOLD_SWEEP,not_selected,30,0.2,0.9264655172413794,validation_fine_grid,27,0,154.0
1,0.02702702702702703,FD004,37,,9,1.0,1,0.03571428571428571,0.8,0.2,,,0.26783824765675945,0.0,0.0,0.4920634920634921,VALIDATION_THRESHOLD_SWEEP,not_selected,30,0.2,0.9310344827586207,validation_fine_grid+validation_observed_score,27,0,154.0
30,0.8108108108108109,FD004,37,0.4615384615384615,0,0.0,21,0.75,0.8,0.2,,,0.26783824765675945,0.3,1.0,0.4920634920634921,VALIDATION_SELECTED,recall_target_met,30,0.2,0.23198275862068968,validation_fine_grid,7,9,154.0
31,0.8157894736842105,FD004,38,0.3414634146341463,3,0.3,24,0.8571428571428571,0.8,0.2,,,0.22515834015834016,0.22580645161290322,0.7,0.3642857142857143,INTERNAL_HOLDOUT_LOCKED,recall_target_met,30,0.2,0.23198275862068968,frozen_validation_selected,4,7,154.0
190,0.8016877637130801,FD004,237,0.3333333333333333,10,0.2,150,0.8021390374331551,0.8,0.2,187,50,0.2481223698990604,0.21052631578947367,0.8,0.508288770053476,OFFICIAL_TEST_RUL_LOCKED,recall_target_met,30,0.2,0.23198275862068968,frozen_validation_selected,37,40,154.0
